ISO-10303-21;
HEADER;
FILE_DESCRIPTION (( 'STEP AP214' ),
    '1' );
FILE_NAME ('Pivot Bearing Support Bracket.STEP',
    '2026-09-27T07:55:22',
    ( 'user' ),
    ( '' ),
    'SwSTEP 2.0',
    'SolidWorks 2025',
    '' );
FILE_SCHEMA (( 'AUTOMOTIVE_DESIGN' ));
ENDSEC;

DATA;
#1 = CARTESIAN_POINT ( 'NONE',  ( 45.00000000000002132, -10.00000000000000000, -11.99999999999999289 ) ) ;
#2 = DIRECTION ( 'NONE',  ( 0.000000000000000000, 0.000000000000000000, 1.000000000000000000 ) ) ;
#3 = AXIS2_PLACEMENT_3D ( 'NONE', #2311, #2101, #338 ) ;
#4 = CARTESIAN_POINT ( 'NONE',  ( 45.00000000000000000, 35.00000000000000000, 0.000000000000000000 ) ) ;
#5 = DIRECTION ( 'NONE',  ( 0.000000000000000000, -1.000000000000000000, 0.000000000000000000 ) ) ;
#6 = ADVANCED_FACE ( 'NONE', ( #1389 ), #1561, .F. ) ;
#7 = EDGE_CURVE ( 'NONE', #2508, #671, #1914, .T. ) ;
#8 = CARTESIAN_POINT ( 'NONE',  ( -42.00000000000000000, -10.00000000000000000, 0.000000000000000000 ) ) ;
#9 = ORIENTED_EDGE ( 'NONE', *, *, #371, .T. ) ;
#10 = DIRECTION ( 'NONE',  ( 0.000000000000000000, -1.000000000000000000, 0.000000000000000000 ) ) ;
#11 = DIRECTION ( 'NONE',  ( -0.000000000000000000, -1.000000000000000000, -0.000000000000000000 ) ) ;
#12 = DIRECTION ( 'NONE',  ( -1.000000000000000000, 0.000000000000000000, 0.000000000000000000 ) ) ;
#13 = FACE_OUTER_BOUND ( 'NONE', #1226, .T. ) ;
#14 = LINE ( 'NONE', #2388, #2212 ) ;
#15 = VERTEX_POINT ( 'NONE', #1166 ) ;
#16 = EDGE_CURVE ( 'NONE', #2415, #1067, #1755, .T. ) ;
#17 = LINE ( 'NONE', #1191, #2551 ) ;
#18 = EDGE_CURVE ( 'NONE', #1537, #1947, #977, .T. ) ;
#19 = ORIENTED_EDGE ( 'NONE', *, *, #2176, .F. ) ;
#20 = EDGE_CURVE ( 'NONE', #1537, #1620, #1780, .T. ) ;
#21 = CARTESIAN_POINT ( 'NONE',  ( 75.00000000000000000, 35.00000000000000000, -50.00000000000000000 ) ) ;
#22 = DIRECTION ( 'NONE',  ( 0.000000000000000000, 0.000000000000000000, -1.000000000000000000 ) ) ;
#23 = DIRECTION ( 'NONE',  ( 1.000000000000000000, -0.000000000000000000, -0.000000000000000000 ) ) ;
#24 = CARTESIAN_POINT ( 'NONE',  ( -63.00000000000000000, 23.00000000000002842, -60.00000000000000711 ) ) ;
#25 = AXIS2_PLACEMENT_3D ( 'NONE', #1314, #323, #1112 ) ;
#26 = ORIENTED_EDGE ( 'NONE', *, *, #922, .T. ) ;
#27 = CIRCLE ( 'NONE', #365, 10.00000000000000000 ) ;
#28 = CARTESIAN_POINT ( 'NONE',  ( 1.959434878635764737E-15, 35.00000000000000000, 16.00000000000000000 ) ) ;
#29 = AXIS2_PLACEMENT_3D ( 'NONE', #436, #1229, #37 ) ;
#30 = ORIENTED_EDGE ( 'NONE', *, *, #643, .T. ) ;
#31 = ORIENTED_EDGE ( 'NONE', *, *, #744, .F. ) ;
#32 = DIRECTION ( 'NONE',  ( -0.000000000000000000, -0.000000000000000000, 1.000000000000000000 ) ) ;
#33 = AXIS2_PLACEMENT_3D ( 'NONE', #564, #2134, #767 ) ;
#34 = ADVANCED_FACE ( 'NONE', ( #13 ), #2351, .T. ) ;
#35 = ADVANCED_FACE ( 'NONE', ( #1789, #1580 ), #2163, .T. ) ;
#36 = CARTESIAN_POINT ( 'NONE',  ( 25.00000000000000000, 0.000000000000000000, -22.00000000000000355 ) ) ;
#37 = DIRECTION ( 'NONE',  ( 0.000000000000000000, 0.000000000000000000, 1.000000000000000000 ) ) ;
#38 = AXIS2_PLACEMENT_3D ( 'NONE', #471, #1605, #1045 ) ;
#39 = VECTOR ( 'NONE', #2, 1000.000000000000000 ) ;
#40 = CARTESIAN_POINT ( 'NONE',  ( 25.00000000000000000, 35.00000000000000000, 0.000000000000000000 ) ) ;
#41 = DIRECTION ( 'NONE',  ( 1.000000000000000000, -0.000000000000000000, 0.000000000000000000 ) ) ;
#42 = AXIS2_PLACEMENT_3D ( 'NONE', #2291, #1327, #2069 ) ;
#43 = ORIENTED_EDGE ( 'NONE', *, *, #643, .F. ) ;
#44 = CARTESIAN_POINT ( 'NONE',  ( -69.00000000000000000, -10.00000000000000000, -49.99999999999999289 ) ) ;
#45 = EDGE_LOOP ( 'NONE', ( #189, #700, #1505, #2549 ) ) ;
#46 = EDGE_LOOP ( 'NONE', ( #870, #2225, #250 ) ) ;
#47 = CARTESIAN_POINT ( 'NONE',  ( 45.00000000000000000, -66.00000000000000000, 18.99999999999999289 ) ) ;
#48 = CYLINDRICAL_SURFACE ( 'NONE', #2459, 12.00000000000000000 ) ;
#49 = EDGE_CURVE ( 'NONE', #2450, #2287, #2155, .T. ) ;
#50 = CARTESIAN_POINT ( 'NONE',  ( 75.00000000000000000, 35.00000000000000000, 0.000000000000000000 ) ) ;
#51 = CARTESIAN_POINT ( 'NONE',  ( 75.00000000000000000, 35.00000000000000000, -60.00000000000000711 ) ) ;
#52 = VERTEX_POINT ( 'NONE', #1011 ) ;
#53 = DIRECTION ( 'NONE',  ( 0.000000000000000000, 0.000000000000000000, 1.000000000000000000 ) ) ;
#54 = ORIENTED_EDGE ( 'NONE', *, *, #1929, .F. ) ;
#55 = ORIENTED_EDGE ( 'NONE', *, *, #1500, .F. ) ;
#56 = CARTESIAN_POINT ( 'NONE',  ( -29.00000000000000000, -66.00000000000000000, -6.938893903907228378E-15 ) ) ;
#57 = DIRECTION ( 'NONE',  ( 0.000000000000000000, 0.000000000000000000, 1.000000000000000000 ) ) ;
#58 = CARTESIAN_POINT ( 'NONE',  ( 45.00000000000002842, 0.000000000000000000, 28.00000000000000711 ) ) ;
#59 = FACE_OUTER_BOUND ( 'NONE', #749, .T. ) ;
#60 = EDGE_CURVE ( 'NONE', #2204, #1264, #1347, .T. ) ;
#61 = ORIENTED_EDGE ( 'NONE', *, *, #1738, .T. ) ;
#62 = CARTESIAN_POINT ( 'NONE',  ( -42.00000000000000000, -8.352941176470585205, -33.41176470588235503 ) ) ;
#63 = VECTOR ( 'NONE', #2477, 1000.000000000000000 ) ;
#64 = AXIS2_PLACEMENT_3D ( 'NONE', #366, #1352, #2141 ) ;
#65 = ORIENTED_EDGE ( 'NONE', *, *, #615, .F. ) ;
#66 = EDGE_LOOP ( 'NONE', ( #554, #169, #1697, #90 ) ) ;
#67 = CARTESIAN_POINT ( 'NONE',  ( 63.00000000000000000, 23.00000000000000000, -60.00000000000000711 ) ) ;
#68 = VECTOR ( 'NONE', #2082, 1000.000000000000000 ) ;
#69 = CIRCLE ( 'NONE', #810, 5.999999999999998224 ) ;
#70 = DIRECTION ( 'NONE',  ( 1.000000000000000000, -0.000000000000000000, -0.000000000000000000 ) ) ;
#71 = CARTESIAN_POINT ( 'NONE',  ( 34.99864569382103241, 0.000000000000000000, -34.99999999999999289 ) ) ;
#72 = DIRECTION ( 'NONE',  ( -0.000000000000000000, 1.000000000000000000, -0.000000000000000000 ) ) ;
#73 = CARTESIAN_POINT ( 'NONE',  ( -42.00000000000000000, -9.999999999999994671, -52.51941016011038244 ) ) ;
#74 = VERTEX_POINT ( 'NONE', #601 ) ;
#75 = CARTESIAN_POINT ( 'NONE',  ( 32.00000000000000000, 0.000000000000000000, -38.00000000000000711 ) ) ;
#76 = CIRCLE ( 'NONE', #121, 12.00000000000000000 ) ;
#77 = EDGE_CURVE ( 'NONE', #1345, #2468, #2387, .T. ) ;
#78 = ADVANCED_FACE ( 'NONE', ( #787 ), #1572, .T. ) ;
#79 = ORIENTED_EDGE ( 'NONE', *, *, #2252, .F. ) ;
#80 = EDGE_LOOP ( 'NONE', ( #2435, #764, #434, #1747 ) ) ;
#81 = DIRECTION ( 'NONE',  ( 0.000000000000000000, 0.000000000000000000, -1.000000000000000000 ) ) ;
#82 = ORIENTED_EDGE ( 'NONE', *, *, #1533, .F. ) ;
#83 = CARTESIAN_POINT ( 'NONE',  ( 0.000000000000000000, 0.000000000000000000, -50.00000000000000000 ) ) ;
#84 = CYLINDRICAL_SURFACE ( 'NONE', #1511, 5.783976858154793455 ) ;
#85 = ORIENTED_EDGE ( 'NONE', *, *, #1825, .T. ) ;
#86 = CARTESIAN_POINT ( 'NONE',  ( 28.00000000000000000, 35.00000000000000000, -22.00000000000000355 ) ) ;
#87 = DIRECTION ( 'NONE',  ( 1.000000000000000000, 0.000000000000000000, 0.000000000000000000 ) ) ;
#88 = ORIENTED_EDGE ( 'NONE', *, *, #990, .T. ) ;
#89 = DIRECTION ( 'NONE',  ( 1.000000000000000000, -0.000000000000000000, 0.000000000000000000 ) ) ;
#90 = ORIENTED_EDGE ( 'NONE', *, *, #20, .F. ) ;
#91 = EDGE_CURVE ( 'NONE', #912, #1452, #1959, .T. ) ;
#92 = ORIENTED_EDGE ( 'NONE', *, *, #1795, .F. ) ;
#93 = CARTESIAN_POINT ( 'NONE',  ( 29.00000000000000000, -66.00000000000000000, 9.999999999999992895 ) ) ;
#94 = CARTESIAN_POINT ( 'NONE',  ( -32.00000000000000000, 35.00000000000000000, -35.00000000000000000 ) ) ;
#95 = EDGE_CURVE ( 'NONE', #1452, #912, #230, .T. ) ;
#96 = ORIENTED_EDGE ( 'NONE', *, *, #922, .F. ) ;
#97 = LINE ( 'NONE', #884, #2147 ) ;
#98 = CARTESIAN_POINT ( 'NONE',  ( -34.99864569382102530, -10.00000000000000000, -52.51941016011038244 ) ) ;
#99 = LINE ( 'NONE', #1716, #2413 ) ;
#100 = PLANE ( 'NONE',  #1601 ) ;
#101 = ORIENTED_EDGE ( 'NONE', *, *, #1994, .T. ) ;
#102 = CARTESIAN_POINT ( 'NONE',  ( -75.00000000000001421, -10.00000000000000000, -60.00000000000000000 ) ) ;
#103 = ORIENTED_EDGE ( 'NONE', *, *, #846, .T. ) ;
#104 = SURFACE_STYLE_FILL_AREA ( #151 ) ;
#105 = DIRECTION ( 'NONE',  ( -0.000000000000000000, -1.000000000000000000, -0.000000000000000000 ) ) ;
#106 = VECTOR ( 'NONE', #675, 1000.000000000000000 ) ;
#107 = ORIENTED_EDGE ( 'NONE', *, *, #881, .T. ) ;
#108 = FACE_OUTER_BOUND ( 'NONE', #2495, .T. ) ;
#109 = CARTESIAN_POINT ( 'NONE',  ( -69.00000000000000000, -10.00000000000000000, -49.99999999999999289 ) ) ;
#110 = EDGE_CURVE ( 'NONE', #631, #1530, #1643, .T. ) ;
#111 = ADVANCED_FACE ( 'NONE', ( #638 ), #1852, .T. ) ;
#112 = VECTOR ( 'NONE', #1713, 1000.000000000000000 ) ;
#113 = DIRECTION ( 'NONE',  ( 1.000000000000000000, 0.000000000000000000, 0.000000000000000000 ) ) ;
#114 = DIRECTION ( 'NONE',  ( 0.000000000000000000, -0.000000000000000000, -1.000000000000000000 ) ) ;
#115 = CARTESIAN_POINT ( 'NONE',  ( 57.21602314184520566, 23.00000000000000000, -60.00100000000000477 ) ) ;
#116 = AXIS2_PLACEMENT_3D ( 'NONE', #707, #1909, #2449 ) ;
#117 = EDGE_LOOP ( 'NONE', ( #1175, #2374, #1849, #2282 ) ) ;
#118 = LINE ( 'NONE', #497, #1109 ) ;
#119 = AXIS2_PLACEMENT_3D ( 'NONE', #2431, #2395, #1020 ) ;
#120 = ORIENTED_EDGE ( 'NONE', *, *, #77, .T. ) ;
#121 = AXIS2_PLACEMENT_3D ( 'NONE', #257, #809, #438 ) ;
#122 = LINE ( 'NONE', #1278, #1721 ) ;
#123 = DIRECTION ( 'NONE',  ( 0.000000000000000000, 1.000000000000000000, -0.000000000000000000 ) ) ;
#124 = AXIS2_PLACEMENT_3D ( 'NONE', #2240, #1859, #2173 ) ;
#125 = ORIENTED_EDGE ( 'NONE', *, *, #658, .T. ) ;
#126 = PLANE ( 'NONE',  #1693 ) ;
#127 = DIRECTION ( 'NONE',  ( 1.000000000000000000, -0.000000000000000000, -0.000000000000000000 ) ) ;
#128 = ORIENTED_EDGE ( 'NONE', *, *, #1753, .F. ) ;
#129 = DIRECTION ( 'NONE',  ( 0.000000000000000000, 0.000000000000000000, 1.000000000000000000 ) ) ;
#130 = ADVANCED_FACE ( 'NONE', ( #2433 ), #2234, .F. ) ;
#131 = DIRECTION ( 'NONE',  ( 0.000000000000000000, 1.000000000000000000, -0.000000000000000000 ) ) ;
#132 = CARTESIAN_POINT ( 'NONE',  ( -29.00000000000000000, -66.00000000000000000, 18.99999999999999289 ) ) ;
#133 = ORIENTED_EDGE ( 'NONE', *, *, #1005, .F. ) ;
#134 = EDGE_CURVE ( 'NONE', #2061, #1065, #1071, .T. ) ;
#135 = DIRECTION ( 'NONE',  ( 0.000000000000000000, 0.000000000000000000, -1.000000000000000000 ) ) ;
#136 = ORIENTED_EDGE ( 'NONE', *, *, #224, .T. ) ;
#137 = LINE ( 'NONE', #1336, #989 ) ;
#138 = PLANE ( 'NONE',  #1527 ) ;
#139 = ORIENTED_EDGE ( 'NONE', *, *, #2000, .F. ) ;
#140 = FACE_OUTER_BOUND ( 'NONE', #2140, .T. ) ;
#141 = CARTESIAN_POINT ( 'NONE',  ( 34.99864569382103241, -10.00000000000000000, -34.99999999999999289 ) ) ;
#142 = DIRECTION ( 'NONE',  ( 0.000000000000000000, -1.000000000000000000, 0.000000000000000000 ) ) ;
#143 = DIRECTION ( 'NONE',  ( 0.000000000000000000, -1.000000000000000000, 0.000000000000000000 ) ) ;
#144 = CARTESIAN_POINT ( 'NONE',  ( 32.00000000000000000, 35.00000000000000000, -38.00000000000000711 ) ) ;
#145 = ORIENTED_EDGE ( 'NONE', *, *, #937, .T. ) ;
#146 = ORIENTED_EDGE ( 'NONE', *, *, #1516, .T. ) ;
#147 = CARTESIAN_POINT ( 'NONE',  ( 0.000000000000000000, 35.00000000000000000, -60.00000000000000711 ) ) ;
#148 = EDGE_CURVE ( 'NONE', #592, #318, #2453, .T. ) ;
#149 = EDGE_CURVE ( 'NONE', #2055, #829, #1617, .T. ) ;
#150 = VERTEX_POINT ( 'NONE', #2020 ) ;
#151 = FILL_AREA_STYLE ('',( #314 ) ) ;
#152 = DIRECTION ( 'NONE',  ( 0.000000000000000000, 1.000000000000000000, 0.000000000000000000 ) ) ;
#153 = ORIENTED_EDGE ( 'NONE', *, *, #1254, .F. ) ;
#154 = PLANE ( 'NONE',  #2467 ) ;
#155 = CIRCLE ( 'NONE', #1252, 12.00000000000000000 ) ;
#156 = EDGE_LOOP ( 'NONE', ( #1662, #1395, #1213, #1528 ) ) ;
#157 = FACE_OUTER_BOUND ( 'NONE', #2296, .T. ) ;
#158 = DIRECTION ( 'NONE',  ( -1.000000000000000000, 0.000000000000000000, 0.000000000000000000 ) ) ;
#159 = ORIENTED_EDGE ( 'NONE', *, *, #882, .T. ) ;
#160 = ORIENTED_EDGE ( 'NONE', *, *, #1014, .F. ) ;
#161 = VECTOR ( 'NONE', #1819, 1000.000000000000000 ) ;
#162 = CARTESIAN_POINT ( 'NONE',  ( 25.00000000000000000, 35.00000000000000000, -22.00000000000000355 ) ) ;
#163 = VERTEX_POINT ( 'NONE', #40 ) ;
#164 = EDGE_CURVE ( 'NONE', #1345, #1647, #279, .T. ) ;
#165 = EDGE_CURVE ( 'NONE', #1323, #655, #2084, .T. ) ;
#166 = CARTESIAN_POINT ( 'NONE',  ( -35.00000000000000000, 0.000000000000000000, -38.00000000000000711 ) ) ;
#167 = VECTOR ( 'NONE', #1378, 1000.000000000000000 ) ;
#168 = CARTESIAN_POINT ( 'NONE',  ( 63.00000000000000000, 23.00000000000000000, -60.00000000000000711 ) ) ;
#169 = ORIENTED_EDGE ( 'NONE', *, *, #791, .F. ) ;
#170 = VECTOR ( 'NONE', #1135, 1000.000000000000000 ) ;
#171 = ORIENTED_EDGE ( 'NONE', *, *, #211, .F. ) ;
#172 = AXIS2_PLACEMENT_3D ( 'NONE', #1383, #1740, #1555 ) ;
#173 = DIRECTION ( 'NONE',  ( 2.775557561562891351E-16, 0.000000000000000000, 1.000000000000000000 ) ) ;
#174 = DIRECTION ( 'NONE',  ( 1.000000000000000000, -0.000000000000000000, 0.000000000000000000 ) ) ;
#175 = DIRECTION ( 'NONE',  ( 1.000000000000000000, -0.000000000000000000, 0.000000000000000000 ) ) ;
#176 = DIRECTION ( 'NONE',  ( 0.000000000000000000, -1.000000000000000000, 0.000000000000000000 ) ) ;
#177 = ORIENTED_EDGE ( 'NONE', *, *, #1784, .F. ) ;
#178 = DIRECTION ( 'NONE',  ( -1.000000000000000000, -0.000000000000000000, -0.000000000000000000 ) ) ;
#179 = DIRECTION ( 'NONE',  ( 0.000000000000000000, 0.000000000000000000, -1.000000000000000000 ) ) ;
#180 = EDGE_CURVE ( 'NONE', #829, #533, #449, .T. ) ;
#181 = VERTEX_POINT ( 'NONE', #1657 ) ;
#182 =( LENGTH_UNIT ( ) NAMED_UNIT ( * ) SI_UNIT ( .MILLI., .METRE. ) );
#183 = EDGE_CURVE ( 'NONE', #2448, #1679, #2188, .T. ) ;
#184 = VERTEX_POINT ( 'NONE', #825 ) ;
#185 = CARTESIAN_POINT ( 'NONE',  ( 0.000000000000000000, 35.00000000000000000, -35.00000000000000000 ) ) ;
#186 = DIRECTION ( 'NONE',  ( 0.000000000000000000, 0.000000000000000000, 1.000000000000000000 ) ) ;
#187 = DIRECTION ( 'NONE',  ( -3.469446951953614189E-15, 0.000000000000000000, 1.000000000000000000 ) ) ;
#188 = DIRECTION ( 'NONE',  ( -0.000000000000000000, 1.000000000000000000, -0.000000000000000000 ) ) ;
#189 = ORIENTED_EDGE ( 'NONE', *, *, #494, .T. ) ;
#190 = LINE ( 'NONE', #1144, #406 ) ;
#191 = ORIENTED_EDGE ( 'NONE', *, *, #2063, .F. ) ;
#192 = FACE_OUTER_BOUND ( 'NONE', #364, .T. ) ;
#193 = CIRCLE ( 'NONE', #1760, 5.999999999999998224 ) ;
#194 = EDGE_CURVE ( 'NONE', #1530, #2130, #267, .T. ) ;
#195 = EDGE_CURVE ( 'NONE', #1473, #1796, #155, .T. ) ;
#196 = CARTESIAN_POINT ( 'NONE',  ( -45.00000000000000000, 0.000000000000000000, 0.000000000000000000 ) ) ;
#197 = CARTESIAN_POINT ( 'NONE',  ( -27.00000000000000000, -9.999999999999994671, -34.99999999999999289 ) ) ;
#198 = CARTESIAN_POINT ( 'NONE',  ( 45.00000000000002132, 0.000000000000000000, -11.99999999999999289 ) ) ;
#199 = VECTOR ( 'NONE', #1341, 1000.000000000000000 ) ;
#200 = PRESENTATION_LAYER_ASSIGNMENT (  '', '', ( #1307 ) ) ;
#201 = ORIENTED_EDGE ( 'NONE', *, *, #1005, .T. ) ;
#202 = LINE ( 'NONE', #1576, #1514 ) ;
#203 = VECTOR ( 'NONE', #431, 1000.000000000000000 ) ;
#204 = EDGE_LOOP ( 'NONE', ( #1871, #1243, #840, #745, #2460, #1138, #1170, #539, #2492, #101, #634, #1190, #335, #31, #1464, #1256, #237, #544, #952, #2052, #768, #1289, #2193, #1439, #955, #886, #1809 ) ) ;
#205 = CIRCLE ( 'NONE', #950, 24.99999999999999289 ) ;
#206 = LINE ( 'NONE', #999, #373 ) ;
#207 = PLANE ( 'NONE',  #440 ) ;
#208 = VECTOR ( 'NONE', #1790, 1000.000000000000000 ) ;
#209 = CARTESIAN_POINT ( 'NONE',  ( -29.00000000000000000, -66.00000000000000000, -10.00000000000000711 ) ) ;
#210 = AXIS2_PLACEMENT_3D ( 'NONE', #2220, #262, #795 ) ;
#211 = EDGE_CURVE ( 'NONE', #2230, #1908, #1608, .T. ) ;
#212 = CARTESIAN_POINT ( 'NONE',  ( -42.00000000000000000, 0.000000000000000000, 0.000000000000000000 ) ) ;
#213 = CARTESIAN_POINT ( 'NONE',  ( 45.00000000000000000, -66.00000000000000000, -6.938893903907228378E-15 ) ) ;
#214 = ORIENTED_EDGE ( 'NONE', *, *, #1089, .T. ) ;
#215 = DIRECTION ( 'NONE',  ( -0.000000000000000000, 1.000000000000000000, -0.000000000000000000 ) ) ;
#216 = ORIENTED_EDGE ( 'NONE', *, *, #110, .F. ) ;
#217 = CARTESIAN_POINT ( 'NONE',  ( -25.00000000000000000, 35.00000000000000000, -22.00000000000000355 ) ) ;
#218 = PLANE ( 'NONE',  #380 ) ;
#219 = DIRECTION ( 'NONE',  ( 0.000000000000000000, 0.000000000000000000, -1.000000000000000000 ) ) ;
#220 = DIRECTION ( 'NONE',  ( -1.000000000000000000, 0.000000000000000000, 0.000000000000000000 ) ) ;
#221 = VERTEX_POINT ( 'NONE', #2006 ) ;
#222 = CARTESIAN_POINT ( 'NONE',  ( -29.00000000000000000, -66.00000000000000000, 18.99999999999999289 ) ) ;
#223 = EDGE_CURVE ( 'NONE', #563, #1180, #1587, .T. ) ;
#224 = EDGE_CURVE ( 'NONE', #1706, #467, #2407, .T. ) ;
#225 = CARTESIAN_POINT ( 'NONE',  ( -32.00000000000000000, -14.99999999999999645, -35.00000000000000000 ) ) ;
#226 = VERTEX_POINT ( 'NONE', #2209 ) ;
#227 = ORIENTED_EDGE ( 'NONE', *, *, #723, .F. ) ;
#228 = DIRECTION ( 'NONE',  ( 0.000000000000000000, 0.000000000000000000, 1.000000000000000000 ) ) ;
#229 = CYLINDRICAL_SURFACE ( 'NONE', #2294, 10.00000000000000000 ) ;
#230 = CIRCLE ( 'NONE', #804, 19.00000000000000000 ) ;
#231 = DIRECTION ( 'NONE',  ( 0.000000000000000000, 0.000000000000000000, 1.000000000000000000 ) ) ;
#232 = DIRECTION ( 'NONE',  ( -1.000000000000000000, -0.000000000000000000, -0.000000000000000000 ) ) ;
#233 = ORIENTED_EDGE ( 'NONE', *, *, #2545, .T. ) ;
#234 = CARTESIAN_POINT ( 'NONE',  ( 33.00000000000000000, 35.00000000000000000, -25.00000000000000000 ) ) ;
#235 = ORIENTED_EDGE ( 'NONE', *, *, #1825, .F. ) ;
#236 = EDGE_CURVE ( 'NONE', #1350, #1709, #1231, .T. ) ;
#237 = ORIENTED_EDGE ( 'NONE', *, *, #2172, .T. ) ;
#238 = AXIS2_PLACEMENT_3D ( 'NONE', #981, #215, #1540 ) ;
#239 =( BOUNDED_CURVE ( )  B_SPLINE_CURVE ( 3, ( #1222, #1052, #249, #1829 ),
 .UNSPECIFIED., .F., .F. ) 
 B_SPLINE_CURVE_WITH_KNOTS ( ( 4, 4 ),
 ( 4.712388980384688786, 6.283185307179586232 ),
 .UNSPECIFIED. ) 
 CURVE ( )  GEOMETRIC_REPRESENTATION_ITEM ( )  RATIONAL_B_SPLINE_CURVE ( ( 1.000000000000000000, 0.8047378541243648264, 0.8047378541243648264, 1.000000000000000000 ) ) 
 REPRESENTATION_ITEM ( '' )  );
#240 = EDGE_CURVE ( 'NONE', #928, #1130, #316, .T. ) ;
#241 = DIRECTION ( 'NONE',  ( -0.000000000000000000, -1.000000000000000000, -0.000000000000000000 ) ) ;
#242 = CARTESIAN_POINT ( 'NONE',  ( 0.000000000000000000, -34.99999999999999289, -52.51941016011038244 ) ) ;
#243 =( GEOMETRIC_REPRESENTATION_CONTEXT ( 3 ) GLOBAL_UNCERTAINTY_ASSIGNED_CONTEXT ( ( #983 ) ) GLOBAL_UNIT_ASSIGNED_CONTEXT ( ( #182, #1181, #392 ) ) REPRESENTATION_CONTEXT ( 'NONE', 'WORKASPACE' ) );
#244 = VECTOR ( 'NONE', #1188, 1000.000000000000000 ) ;
#245 = CARTESIAN_POINT ( 'NONE',  ( 0.000000000000000000, 0.000000000000000000, -50.00000000000000000 ) ) ;
#246 = CARTESIAN_POINT ( 'NONE',  ( -26.99999999999999645, -10.00000000000000000, 28.00000000000000711 ) ) ;
#247 = AXIS2_PLACEMENT_3D ( 'NONE', #854, #1779, #12 ) ;
#248 = EDGE_LOOP ( 'NONE', ( #2157, #2083, #792, #579 ) ) ;
#249 = CARTESIAN_POINT ( 'NONE',  ( -29.92893218813452805, -9.999999999999994671, 28.00000000000001066 ) ) ;
#250 = ORIENTED_EDGE ( 'NONE', *, *, #1162, .T. ) ;
#251 = ORIENTED_EDGE ( 'NONE', *, *, #762, .T. ) ;
#252 = CARTESIAN_POINT ( 'NONE',  ( 45.00000000000000000, 35.00000000000000000, 0.000000000000000000 ) ) ;
#253 = DIRECTION ( 'NONE',  ( 0.000000000000000000, 1.000000000000000000, 0.000000000000000000 ) ) ;
#254 = EDGE_CURVE ( 'NONE', #2334, #386, #463, .T. ) ;
#255 = ADVANCED_FACE ( 'NONE', ( #2102 ), #1876, .T. ) ;
#256 = CARTESIAN_POINT ( 'NONE',  ( -25.00000000000000000, 35.00000000000000000, 0.000000000000000000 ) ) ;
#257 = CARTESIAN_POINT ( 'NONE',  ( 57.00000000000002132, -9.999999999999994671, 5.204170427930421283E-15 ) ) ;
#258 = ORIENTED_EDGE ( 'NONE', *, *, #2463, .T. ) ;
#259 = CARTESIAN_POINT ( 'NONE',  ( -32.00000000000000000, -17.16547540185549536, -35.00000000000000000 ) ) ;
#260 = ORIENTED_EDGE ( 'NONE', *, *, #1768, .T. ) ;
#261 = ORIENTED_EDGE ( 'NONE', *, *, #1708, .T. ) ;
#262 = DIRECTION ( 'NONE',  ( 1.000000000000000000, -0.000000000000000000, 0.000000000000000000 ) ) ;
#263 = FACE_OUTER_BOUND ( 'NONE', #1157, .T. ) ;
#264 = CARTESIAN_POINT ( 'NONE',  ( 27.00000000000000000, -10.00000000000000000, 28.00000000000000711 ) ) ;
#265 = EDGE_CURVE ( 'NONE', #755, #2088, #193, .T. ) ;
#266 = EDGE_CURVE ( 'NONE', #480, #1350, #888, .T. ) ;
#267 = LINE ( 'NONE', #835, #893 ) ;
#268 = CARTESIAN_POINT ( 'NONE',  ( 34.99864569382102530, 0.000000000000000000, -60.00000000000000000 ) ) ;
#269 = ORIENTED_EDGE ( 'NONE', *, *, #432, .T. ) ;
#270 = DIRECTION ( 'NONE',  ( 0.000000000000000000, 0.000000000000000000, 1.000000000000000000 ) ) ;
#271 = VECTOR ( 'NONE', #1704, 1000.000000000000114 ) ;
#272 = VERTEX_POINT ( 'NONE', #734 ) ;
#273 = ORIENTED_EDGE ( 'NONE', *, *, #1239, .F. ) ;
#274 = CARTESIAN_POINT ( 'NONE',  ( -28.00000000000000000, 35.00000000000000000, -25.00000000000000000 ) ) ;
#275 = AXIS2_PLACEMENT_3D ( 'NONE', #294, #305, #1083 ) ;
#276 = ORIENTED_EDGE ( 'NONE', *, *, #1565, .T. ) ;
#277 = PLANE ( 'NONE',  #2346 ) ;
#278 = DIRECTION ( 'NONE',  ( 1.000000000000000000, 0.000000000000000000, 0.000000000000000000 ) ) ;
#279 = LINE ( 'NONE', #1991, #482 ) ;
#280 = CARTESIAN_POINT ( 'NONE',  ( -34.99864569382103241, 0.000000000000000000, -37.90986674904009845 ) ) ;
#281 = ADVANCED_FACE ( 'NONE', ( #1904 ), #716, .T. ) ;
#282 = VECTOR ( 'NONE', #1097, 1000.000000000000000 ) ;
#283 = ORIENTED_EDGE ( 'NONE', *, *, #91, .T. ) ;
#284 = DIRECTION ( 'NONE',  ( 0.000000000000000000, 0.000000000000000000, -1.000000000000000000 ) ) ;
#285 = CIRCLE ( 'NONE', #2054, 12.00000000000000000 ) ;
#286 = EDGE_CURVE ( 'NONE', #684, #1061, #546, .T. ) ;
#287 = CIRCLE ( 'NONE', #38, 25.00000000000000000 ) ;
#288 = ORIENTED_EDGE ( 'NONE', *, *, #223, .T. ) ;
#289 = VERTEX_POINT ( 'NONE', #933 ) ;
#290 = CARTESIAN_POINT ( 'NONE',  ( 42.00000000000000000, -10.00000000000000000, -52.51941016011038244 ) ) ;
#291 = DIRECTION ( 'NONE',  ( 0.000000000000000000, 0.000000000000000000, 1.000000000000000000 ) ) ;
#292 = ORIENTED_EDGE ( 'NONE', *, *, #905, .F. ) ;
#293 = LINE ( 'NONE', #1861, #1354 ) ;
#294 = CARTESIAN_POINT ( 'NONE',  ( -29.00000000000000000, -66.00000000000000000, -6.938893903907228378E-15 ) ) ;
#295 = FACE_OUTER_BOUND ( 'NONE', #46, .T. ) ;
#296 = DIRECTION ( 'NONE',  ( -1.000000000000000000, 0.000000000000000000, 0.000000000000000000 ) ) ;
#297 = DIRECTION ( 'NONE',  ( 1.000000000000000000, 0.000000000000000000, 0.000000000000000000 ) ) ;
#298 = ORIENTED_EDGE ( 'NONE', *, *, #1060, .F. ) ;
#299 = EDGE_CURVE ( 'NONE', #221, #827, #308, .T. ) ;
#300 = EDGE_CURVE ( 'NONE', #52, #1603, #1624, .T. ) ;
#301 = CARTESIAN_POINT ( 'NONE',  ( -45.00000000000002842, 0.000000000000000000, 28.00000000000000711 ) ) ;
#302 = CARTESIAN_POINT ( 'NONE',  ( -42.00000000000000000, -34.99999999999999289, -52.51941016011038244 ) ) ;
#303 = VERTEX_POINT ( 'NONE', #2248 ) ;
#304 = DIRECTION ( 'NONE',  ( 0.000000000000000000, 0.000000000000000000, -1.000000000000000000 ) ) ;
#305 = DIRECTION ( 'NONE',  ( -1.000000000000000000, 0.000000000000000000, 0.000000000000000000 ) ) ;
#306 = ORIENTED_EDGE ( 'NONE', *, *, #1564, .T. ) ;
#307 = CARTESIAN_POINT ( 'NONE',  ( -57.00000000000000711, -9.999999999999994671, -23.99999999999999289 ) ) ;
#308 = LINE ( 'NONE', #2490, #363 ) ;
#309 = CARTESIAN_POINT ( 'NONE',  ( 0.000000000000000000, 0.000000000000000000, 0.000000000000000000 ) ) ;
#310 = ORIENTED_EDGE ( 'NONE', *, *, #1609, .F. ) ;
#311 = DIRECTION ( 'NONE',  ( 0.000000000000000000, 0.000000000000000000, -1.000000000000000000 ) ) ;
#312 = AXIS2_PLACEMENT_3D ( 'NONE', #395, #1950, #187 ) ;
#313 = ORIENTED_EDGE ( 'NONE', *, *, #523, .T. ) ;
#314 = FILL_AREA_STYLE_COLOUR ( '', #603 ) ;
#315 = DIRECTION ( 'NONE',  ( 0.000000000000000000, 0.000000000000000000, 1.000000000000000000 ) ) ;
#316 = CIRCLE ( 'NONE', #1920, 5.999999999999998224 ) ;
#317 = EDGE_CURVE ( 'NONE', #1860, #680, #1143, .T. ) ;
#318 = VERTEX_POINT ( 'NONE', #1729 ) ;
#319 = CARTESIAN_POINT ( 'NONE',  ( -42.00000000000000000, -28.93660937409167033, -28.26584765647708863 ) ) ;
#320 = FACE_BOUND ( 'NONE', #1879, .T. ) ;
#321 = AXIS2_PLACEMENT_3D ( 'NONE', #242, #1432, #1216 ) ;
#322 = DIRECTION ( 'NONE',  ( -1.000000000000000000, 1.040834085586084059E-15, 0.000000000000000000 ) ) ;
#323 = DIRECTION ( 'NONE',  ( 0.000000000000000000, 0.000000000000000000, 1.000000000000000000 ) ) ;
#324 = DIRECTION ( 'NONE',  ( 0.000000000000000000, 0.000000000000000000, 1.000000000000000000 ) ) ;
#325 = AXIS2_PLACEMENT_3D ( 'NONE', #2214, #1792, #849 ) ;
#326 = VECTOR ( 'NONE', #328, 1000.000000000000000 ) ;
#327 = ORIENTED_EDGE ( 'NONE', *, *, #960, .F. ) ;
#328 = DIRECTION ( 'NONE',  ( 2.775557561562891351E-16, -0.000000000000000000, 1.000000000000000000 ) ) ;
#329 = AXIS2_PLACEMENT_3D ( 'NONE', #2339, #396, #1334 ) ;
#330 = ORIENTED_EDGE ( 'NONE', *, *, #476, .F. ) ;
#331 = AXIS2_PLACEMENT_3D ( 'NONE', #547, #186, #975 ) ;
#332 = DIRECTION ( 'NONE',  ( 0.000000000000000000, 0.000000000000000000, -1.000000000000000000 ) ) ;
#333 = DIRECTION ( 'NONE',  ( 1.000000000000000000, -0.000000000000000000, 0.000000000000000000 ) ) ;
#334 = CIRCLE ( 'NONE', #1478, 2.999999999999999112 ) ;
#335 = ORIENTED_EDGE ( 'NONE', *, *, #432, .F. ) ;
#336 = DIRECTION ( 'NONE',  ( -1.000000000000000000, 0.000000000000000000, -0.000000000000000000 ) ) ;
#337 = CARTESIAN_POINT ( 'NONE',  ( 45.00000000000002132, 0.000000000000000000, 6.938893903907228378E-15 ) ) ;
#338 = DIRECTION ( 'NONE',  ( 0.000000000000000000, 0.000000000000000000, -1.000000000000000000 ) ) ;
#339 = LINE ( 'NONE', #1480, #1962 ) ;
#340 = EDGE_CURVE ( 'NONE', #2280, #1932, #2462, .T. ) ;
#341 = DIRECTION ( 'NONE',  ( -0.000000000000000000, -1.000000000000000000, 0.000000000000000000 ) ) ;
#342 = ORIENTED_EDGE ( 'NONE', *, *, #1695, .F. ) ;
#343 = DIRECTION ( 'NONE',  ( -1.000000000000000000, 0.000000000000000000, 0.000000000000000000 ) ) ;
#344 = ORIENTED_EDGE ( 'NONE', *, *, #1429, .F. ) ;
#345 = CARTESIAN_POINT ( 'NONE',  ( -29.00000000000000000, -66.00000000000000000, 9.999999999999992895 ) ) ;
#346 = PLANE ( 'NONE',  #1976 ) ;
#347 = ORIENTED_EDGE ( 'NONE', *, *, #1343, .F. ) ;
#348 = LINE ( 'NONE', #1094, #780 ) ;
#349 = CARTESIAN_POINT ( 'NONE',  ( 45.00000000000002842, -10.00000000000000000, 28.00000000000000711 ) ) ;
#350 = ORIENTED_EDGE ( 'NONE', *, *, #2429, .T. ) ;
#351 = DIRECTION ( 'NONE',  ( 0.000000000000000000, 0.000000000000000000, -1.000000000000000000 ) ) ;
#352 = CARTESIAN_POINT ( 'NONE',  ( 0.000000000000000000, 35.00000000000000000, -25.00000000000000000 ) ) ;
#353 = DIRECTION ( 'NONE',  ( 1.000000000000000000, -0.000000000000000000, -0.000000000000000000 ) ) ;
#354 = ADVANCED_FACE ( 'NONE', ( #295 ), #1863, .F. ) ;
#355 = EDGE_CURVE ( 'NONE', #226, #1955, #99, .T. ) ;
#356 = ORIENTED_EDGE ( 'NONE', *, *, #390, .F. ) ;
#357 = ORIENTED_EDGE ( 'NONE', *, *, #1107, .F. ) ;
#358 = CARTESIAN_POINT ( 'NONE',  ( -57.00000000000002132, 0.000000000000000000, 5.204170427930419706E-15 ) ) ;
#359 = EDGE_LOOP ( 'NONE', ( #2236, #2362, #1840, #2535, #344 ) ) ;
#360 = DIRECTION ( 'NONE',  ( 0.000000000000000000, 0.000000000000000000, -1.000000000000000000 ) ) ;
#361 = DIRECTION ( 'NONE',  ( 0.000000000000000000, -0.9873303712766987594, -0.1586780953837554076 ) ) ;
#362 = ORIENTED_EDGE ( 'NONE', *, *, #1784, .T. ) ;
#363 = VECTOR ( 'NONE', #1507, 1000.000000000000000 ) ;
#364 = EDGE_LOOP ( 'NONE', ( #967, #1910 ) ) ;
#365 = AXIS2_PLACEMENT_3D ( 'NONE', #1375, #1948, #1570 ) ;
#366 = CARTESIAN_POINT ( 'NONE',  ( -29.00000000000000000, -66.00000000000000000, -6.938893903907228378E-15 ) ) ;
#367 = CYLINDRICAL_SURFACE ( 'NONE', #2256, 2.999999999999999112 ) ;
#368 = CARTESIAN_POINT ( 'NONE',  ( 35.00000000000000000, 35.00000000000000000, -38.00000000000000711 ) ) ;
#369 = AXIS2_PLACEMENT_3D ( 'NONE', #2107, #1292, #2075 ) ;
#370 = CARTESIAN_POINT ( 'NONE',  ( 32.00000000000000000, -34.99999999999999289, -52.51941016011038244 ) ) ;
#371 = EDGE_CURVE ( 'NONE', #2377, #2354, #339, .T. ) ;
#372 = ORIENTED_EDGE ( 'NONE', *, *, #2246, .T. ) ;
#373 = VECTOR ( 'NONE', #10, 1000.000000000000000 ) ;
#374 = DIRECTION ( 'NONE',  ( 0.000000000000000000, 0.000000000000000000, 1.000000000000000000 ) ) ;
#375 = EDGE_CURVE ( 'NONE', #1065, #1345, #1179, .T. ) ;
#376 = PRODUCT_DEFINITION_SHAPE ( 'NONE', 'NONE',  #548 ) ;
#377 = VECTOR ( 'NONE', #1705, 1000.000000000000000 ) ;
#378 = EDGE_LOOP ( 'NONE', ( #1088, #1026, #1733, #1294 ) ) ;
#379 = APPLICATION_PROTOCOL_DEFINITION ( 'draft international standard', 'automotive_design', 1998, #974 ) ;
#380 = AXIS2_PLACEMENT_3D ( 'NONE', #2162, #2452, #485 ) ;
#381 = ORIENTED_EDGE ( 'NONE', *, *, #2031, .F. ) ;
#382 = LINE ( 'NONE', #771, #942 ) ;
#383 = CARTESIAN_POINT ( 'NONE',  ( -29.00000000000000000, -66.00000000000000000, 9.999999999999992895 ) ) ;
#384 = DIRECTION ( 'NONE',  ( -0.000000000000000000, 1.000000000000000000, 0.000000000000000000 ) ) ;
#385 = CARTESIAN_POINT ( 'NONE',  ( -45.00000000000002132, -10.00000000000000000, 7.285838599102588219E-15 ) ) ;
#386 = VERTEX_POINT ( 'NONE', #1126 ) ;
#387 = LINE ( 'NONE', #2550, #2045 ) ;
#388 = DIRECTION ( 'NONE',  ( -1.000000000000000000, 0.000000000000000000, -0.000000000000000000 ) ) ;
#389 = ADVANCED_FACE ( 'NONE', ( #157 ), #1285, .F. ) ;
#390 = EDGE_CURVE ( 'NONE', #2341, #272, #920, .T. ) ;
#391 = EDGE_LOOP ( 'NONE', ( #1882, #1539, #1301, #1054, #1517 ) ) ;
#392 =( NAMED_UNIT ( * ) SI_UNIT ( $, .STERADIAN. ) SOLID_ANGLE_UNIT ( ) );
#393 = FACE_OUTER_BOUND ( 'NONE', #2242, .T. ) ;
#394 = LINE ( 'NONE', #934, #2012 ) ;
#395 = CARTESIAN_POINT ( 'NONE',  ( 57.00000000000000711, -9.999999999999994671, -23.99999999999999289 ) ) ;
#396 = DIRECTION ( 'NONE',  ( 0.000000000000000000, 1.000000000000000000, 0.000000000000000000 ) ) ;
#397 = VERTEX_POINT ( 'NONE', #948 ) ;
#398 = DIRECTION ( 'NONE',  ( -1.000000000000000000, 0.000000000000000000, 0.000000000000000000 ) ) ;
#399 = ORIENTED_EDGE ( 'NONE', *, *, #834, .T. ) ;
#400 = EDGE_CURVE ( 'NONE', #318, #1065, #2115, .T. ) ;
#401 = CARTESIAN_POINT ( 'NONE',  ( 75.00000000000000000, 0.000000000000000000, -50.00000000000000000 ) ) ;
#402 = DIRECTION ( 'NONE',  ( -1.000000000000000000, 0.000000000000000000, -0.000000000000000000 ) ) ;
#403 = CARTESIAN_POINT ( 'NONE',  ( 45.00000000000000000, 0.000000000000000000, 0.000000000000000000 ) ) ;
#404 = CARTESIAN_POINT ( 'NONE',  ( 29.00000000000000000, -66.00000000000000000, -19.00000000000000711 ) ) ;
#405 = CIRCLE ( 'NONE', #2205, 19.00000000000000000 ) ;
#406 = VECTOR ( 'NONE', #178, 1000.000000000000000 ) ;
#407 = ORIENTED_EDGE ( 'NONE', *, *, #148, .T. ) ;
#408 = DIRECTION ( 'NONE',  ( 0.000000000000000000, 0.000000000000000000, 1.000000000000000000 ) ) ;
#409 = PLANE ( 'NONE',  #2216 ) ;
#410 = ORIENTED_EDGE ( 'NONE', *, *, #510, .T. ) ;
#411 = CIRCLE ( 'NONE', #2178, 24.99999999999999289 ) ;
#412 = CARTESIAN_POINT ( 'NONE',  ( -35.00000000000000000, 35.00000000000000000, 0.000000000000000000 ) ) ;
#413 = VECTOR ( 'NONE', #735, 1000.000000000000000 ) ;
#414 = FACE_OUTER_BOUND ( 'NONE', #727, .T. ) ;
#415 = AXIS2_PLACEMENT_3D ( 'NONE', #168, #1737, #2528 ) ;
#416 = EDGE_CURVE ( 'NONE', #1614, #1649, #2059, .T. ) ;
#417 = ADVANCED_FACE ( 'NONE', ( #1935 ), #590, .T. ) ;
#418 = DIRECTION ( 'NONE',  ( 0.000000000000000000, 0.000000000000000000, -1.000000000000000000 ) ) ;
#419 = CARTESIAN_POINT ( 'NONE',  ( -32.00000000000000000, -66.00000000000000000, -6.938893903907228378E-15 ) ) ;
#420 = EDGE_LOOP ( 'NONE', ( #2332, #1773, #1856, #310, #2245, #915 ) ) ;
#421 = DIRECTION ( 'NONE',  ( 0.000000000000000000, 0.000000000000000000, -1.000000000000000000 ) ) ;
#422 = ORIENTED_EDGE ( 'NONE', *, *, #1373, .T. ) ;
#423 = ORIENTED_EDGE ( 'NONE', *, *, #286, .T. ) ;
#424 = FACE_OUTER_BOUND ( 'NONE', #1550, .T. ) ;
#425 = FACE_OUTER_BOUND ( 'NONE', #2125, .T. ) ;
#426 = CARTESIAN_POINT ( 'NONE',  ( -42.00000000000000000, -8.352941176470585205, -33.41176470588235503 ) ) ;
#427 = DIRECTION ( 'NONE',  ( 0.000000000000000000, 0.000000000000000000, -1.000000000000000000 ) ) ;
#428 = ADVANCED_FACE ( 'NONE', ( #1968 ), #207, .T. ) ;
#429 = EDGE_CURVE ( 'NONE', #1939, #1794, #27, .T. ) ;
#430 = ORIENTED_EDGE ( 'NONE', *, *, #7, .F. ) ;
#431 = DIRECTION ( 'NONE',  ( -1.000000000000000000, 0.000000000000000000, 0.000000000000000000 ) ) ;
#432 = EDGE_CURVE ( 'NONE', #1709, #1078, #1797, .T. ) ;
#433 = ORIENTED_EDGE ( 'NONE', *, *, #2384, .T. ) ;
#434 = ORIENTED_EDGE ( 'NONE', *, *, #60, .F. ) ;
#435 = LINE ( 'NONE', #2221, #814 ) ;
#436 = CARTESIAN_POINT ( 'NONE',  ( 0.000000000000000000, 35.00000000000000000, 0.000000000000000000 ) ) ;
#437 = DIRECTION ( 'NONE',  ( -0.000000000000000000, -1.000000000000000000, -0.000000000000000000 ) ) ;
#438 = DIRECTION ( 'NONE',  ( 0.000000000000000000, 0.000000000000000000, 1.000000000000000000 ) ) ;
#439 = ORIENTED_EDGE ( 'NONE', *, *, #240, .T. ) ;
#440 = AXIS2_PLACEMENT_3D ( 'NONE', #412, #1000, #1366 ) ;
#441 = DIRECTION ( 'NONE',  ( -0.000000000000000000, -1.000000000000000000, -0.000000000000000000 ) ) ;
#442 = ORIENTED_EDGE ( 'NONE', *, *, #2270, .F. ) ;
#443 = ADVANCED_FACE ( 'NONE', ( #192 ), #2347, .F. ) ;
#444 = ORIENTED_EDGE ( 'NONE', *, *, #1399, .T. ) ;
#445 = VECTOR ( 'NONE', #441, 1000.000000000000000 ) ;
#446 = CYLINDRICAL_SURFACE ( 'NONE', #499, 16.00000000000000000 ) ;
#447 = CARTESIAN_POINT ( 'NONE',  ( 51.00000000000000000, 35.00000000000000000, -50.00000000000000000 ) ) ;
#448 = AXIS2_PLACEMENT_3D ( 'NONE', #24, #1232, #2021 ) ;
#449 = LINE ( 'NONE', #58, #1381 ) ;
#450 = CARTESIAN_POINT ( 'NONE',  ( 45.00000000000000000, 35.00000000000000000, -44.00000000000000711 ) ) ;
#451 = AXIS2_PLACEMENT_3D ( 'NONE', #302, #2135, #1585 ) ;
#452 = VERTEX_POINT ( 'NONE', #2533 ) ;
#453 = VECTOR ( 'NONE', #1215, 1000.000000000000000 ) ;
#454 = CARTESIAN_POINT ( 'NONE',  ( 68.78397685815478724, 23.00000000000000000, -60.00000000000000711 ) ) ;
#455 = EDGE_LOOP ( 'NONE', ( #2137, #1280, #1972, #1978 ) ) ;
#456 = EDGE_LOOP ( 'NONE', ( #1820, #283 ) ) ;
#457 = CARTESIAN_POINT ( 'NONE',  ( -32.00000000000000000, -14.99999999999999645, 28.00000000000000711 ) ) ;
#458 = DIRECTION ( 'NONE',  ( -0.000000000000000000, -1.000000000000000000, -0.000000000000000000 ) ) ;
#459 = ADVANCED_FACE ( 'NONE', ( #760 ), #1778, .F. ) ;
#460 = ADVANCED_FACE ( 'NONE', ( #393 ), #2161, .F. ) ;
#461 = FACE_OUTER_BOUND ( 'NONE', #753, .T. ) ;
#462 = ADVANCED_BREP_SHAPE_REPRESENTATION ( 'Pivot Bearing Support Bracket', ( #844, #172 ), #243 ) ;
#463 = LINE ( 'NONE', #1058, #2165 ) ;
#464 = CARTESIAN_POINT ( 'NONE',  ( 29.00000000000000000, 0.000000000000000000, 0.000000000000000000 ) ) ;
#465 = VERTEX_POINT ( 'NONE', #1009 ) ;
#466 = LINE ( 'NONE', #2436, #731 ) ;
#467 = VERTEX_POINT ( 'NONE', #401 ) ;
#468 = EDGE_LOOP ( 'NONE', ( #511, #2191, #1867, #2526, #216 ) ) ;
#469 = LINE ( 'NONE', #522, #697 ) ;
#470 = ORIENTED_EDGE ( 'NONE', *, *, #494, .F. ) ;
#471 = CARTESIAN_POINT ( 'NONE',  ( 34.99864569382102530, -34.99999999999999289, -52.51941016011038244 ) ) ;
#472 = CARTESIAN_POINT ( 'NONE',  ( 32.00000000000000000, -15.00000000000000000, 27.19642857142858006 ) ) ;
#473 = EDGE_CURVE ( 'NONE', #2159, #1008, #973, .T. ) ;
#474 = ORIENTED_EDGE ( 'NONE', *, *, #1607, .T. ) ;
#475 = DIRECTION ( 'NONE',  ( 0.000000000000000000, 1.000000000000000000, 0.000000000000000000 ) ) ;
#476 = EDGE_CURVE ( 'NONE', #1987, #2251, #2170, .T. ) ;
#477 = ADVANCED_FACE ( 'NONE', ( #751 ), #1558, .T. ) ;
#478 = DIRECTION ( 'NONE',  ( -0.000000000000000000, 1.000000000000000000, 0.000000000000000000 ) ) ;
#479 = AXIS2_PLACEMENT_3D ( 'NONE', #618, #2175, #418 ) ;
#480 = VERTEX_POINT ( 'NONE', #217 ) ;
#481 = CARTESIAN_POINT ( 'NONE',  ( -75.00000000000000000, 35.00000000000000000, 0.000000000000000000 ) ) ;
#482 = VECTOR ( 'NONE', #1816, 1000.000000000000000 ) ;
#483 = ORIENTED_EDGE ( 'NONE', *, *, #2427, .T. ) ;
#484 = ORIENTED_EDGE ( 'NONE', *, *, #1018, .F. ) ;
#485 = DIRECTION ( 'NONE',  ( 0.000000000000000000, 0.000000000000000000, -1.000000000000000000 ) ) ;
#486 = AXIS2_PLACEMENT_3D ( 'NONE', #1990, #1823, #57 ) ;
#487 = VECTOR ( 'NONE', #2331, 1000.000000000000000 ) ;
#488 = ORIENTED_EDGE ( 'NONE', *, *, #1330, .T. ) ;
#489 = PLANE ( 'NONE',  #2211 ) ;
#490 = CARTESIAN_POINT ( 'NONE',  ( -42.00000000000000000, -34.99999999999999289, -52.51941016011038244 ) ) ;
#491 = DIRECTION ( 'NONE',  ( 1.000000000000000000, -0.000000000000000000, 0.000000000000000000 ) ) ;
#492 = CARTESIAN_POINT ( 'NONE',  ( -51.00000000000000000, 0.000000000000000000, -44.00000000000000711 ) ) ;
#493 = VECTOR ( 'NONE', #1508, 1000.000000000000000 ) ;
#494 = EDGE_CURVE ( 'NONE', #1886, #684, #1878, .T. ) ;
#495 = EDGE_CURVE ( 'NONE', #584, #1100, #1751, .T. ) ;
#496 = ORIENTED_EDGE ( 'NONE', *, *, #1815, .T. ) ;
#497 = CARTESIAN_POINT ( 'NONE',  ( -29.00000000000000000, -66.00000000000000000, -19.00000000000000711 ) ) ;
#498 = CIRCLE ( 'NONE', #415, 5.783976858154793455 ) ;
#499 = AXIS2_PLACEMENT_3D ( 'NONE', #662, #871, #2444 ) ;
#500 = ORIENTED_EDGE ( 'NONE', *, *, #236, .T. ) ;
#501 = CARTESIAN_POINT ( 'NONE',  ( 27.00000000000000000, -14.99999999999999645, 0.000000000000000000 ) ) ;
#502 = FACE_OUTER_BOUND ( 'NONE', #2414, .T. ) ;
#503 = VERTEX_POINT ( 'NONE', #1173 ) ;
#504 = DIRECTION ( 'NONE',  ( 0.000000000000000000, -1.000000000000000000, 0.000000000000000000 ) ) ;
#505 = CARTESIAN_POINT ( 'NONE',  ( -75.00000000000000000, 35.00000000000000000, -50.00000000000000000 ) ) ;
#506 = CARTESIAN_POINT ( 'NONE',  ( -29.00000000000000000, -66.00000000000000000, -6.938893903907228378E-15 ) ) ;
#507 = DIRECTION ( 'NONE',  ( -0.000000000000000000, -1.000000000000000000, -0.000000000000000000 ) ) ;
#508 = ORIENTED_EDGE ( 'NONE', *, *, #823, .F. ) ;
#509 = LINE ( 'NONE', #2493, #2420 ) ;
#510 = EDGE_CURVE ( 'NONE', #2255, #677, #1590, .T. ) ;
#511 = ORIENTED_EDGE ( 'NONE', *, *, #1843, .T. ) ;
#512 = DIRECTION ( 'NONE',  ( 0.000000000000000000, 0.000000000000000000, 1.000000000000000000 ) ) ;
#513 = ORIENTED_EDGE ( 'NONE', *, *, #49, .F. ) ;
#514 = DIRECTION ( 'NONE',  ( 0.000000000000000000, 0.000000000000000000, -1.000000000000000000 ) ) ;
#515 = PLANE ( 'NONE',  #2340 ) ;
#516 = DIRECTION ( 'NONE',  ( 0.000000000000000000, 0.000000000000000000, 1.000000000000000000 ) ) ;
#517 = DIRECTION ( 'NONE',  ( -0.000000000000000000, -1.000000000000000000, -0.000000000000000000 ) ) ;
#518 = ORIENTED_EDGE ( 'NONE', *, *, #597, .T. ) ;
#519 = DIRECTION ( 'NONE',  ( -1.000000000000000000, 0.000000000000000000, 0.000000000000000000 ) ) ;
#520 = EDGE_LOOP ( 'NONE', ( #1468, #1485, #2064, #1900 ) ) ;
#521 = DIRECTION ( 'NONE',  ( 0.000000000000000000, 0.000000000000000000, 1.000000000000000000 ) ) ;
#522 = CARTESIAN_POINT ( 'NONE',  ( -69.00000000000000000, 0.000000000000000000, -49.99999999999999289 ) ) ;
#523 = EDGE_CURVE ( 'NONE', #1794, #1939, #845, .T. ) ;
#524 = ORIENTED_EDGE ( 'NONE', *, *, #2029, .T. ) ;
#525 = DIRECTION ( 'NONE',  ( 1.000000000000000000, -0.000000000000000000, 0.000000000000000000 ) ) ;
#526 = CARTESIAN_POINT ( 'NONE',  ( 45.00000000000000000, -66.00000000000000000, 9.999999999999992895 ) ) ;
#527 = MECHANICAL_DESIGN_GEOMETRIC_PRESENTATION_REPRESENTATION (  '', ( #1307 ), #1965 ) ;
#528 = CARTESIAN_POINT ( 'NONE',  ( -45.00000000000000000, 35.00000000000000000, -44.00000000000000711 ) ) ;
#529 = CARTESIAN_POINT ( 'NONE',  ( 33.00000000000000000, 35.00000000000000000, -37.00000000000000711 ) ) ;
#530 = FACE_OUTER_BOUND ( 'NONE', #204, .T. ) ;
#531 = VECTOR ( 'NONE', #2181, 1000.000000000000000 ) ;
#532 = PRODUCT ( 'Pivot Bearing Support Bracket', 'Pivot Bearing Support Bracket', '', ( #2152 ) ) ;
#533 = VERTEX_POINT ( 'NONE', #2542 ) ;
#534 = DIRECTION ( 'NONE',  ( -0.000000000000000000, 1.000000000000000000, 0.000000000000000000 ) ) ;
#535 = EDGE_LOOP ( 'NONE', ( #214, #407, #2194, #1104, #120, #26, #233, #2322, #865, #1719, #85, #330, #1988, #1163, #830, #145, #260, #107, #570, #669, #897, #1496, #1019, #399, #1443 ) ) ;
#536 = DIRECTION ( 'NONE',  ( 1.000000000000000000, 0.000000000000000000, 0.000000000000000000 ) ) ;
#537 = CYLINDRICAL_SURFACE ( 'NONE', #743, 5.999999999999998224 ) ;
#538 = VECTOR ( 'NONE', #2108, 1000.000000000000000 ) ;
#539 = ORIENTED_EDGE ( 'NONE', *, *, #619, .T. ) ;
#540 = CARTESIAN_POINT ( 'NONE',  ( -34.99864569382102530, -10.00000000000000000, -60.00000000000000000 ) ) ;
#541 = LINE ( 'NONE', #714, #1592 ) ;
#542 = EDGE_CURVE ( 'NONE', #2415, #1130, #382, .T. ) ;
#543 = ADVANCED_FACE ( 'NONE', ( #1593 ), #1813, .F. ) ;
#544 = ORIENTED_EDGE ( 'NONE', *, *, #1857, .F. ) ;
#545 = CARTESIAN_POINT ( 'NONE',  ( 28.00000000000000000, 0.000000000000000000, -25.00000000000000000 ) ) ;
#546 = LINE ( 'NONE', #1270, #2241 ) ;
#547 = CARTESIAN_POINT ( 'NONE',  ( -63.00000000000000000, 23.00000000000002842, -50.00000000000000000 ) ) ;
#548 = PRODUCT_DEFINITION ( 'UNKNOWN', '', #2058, #1954 ) ;
#549 = ORIENTED_EDGE ( 'NONE', *, *, #523, .F. ) ;
#550 = LINE ( 'NONE', #1923, #651 ) ;
#551 = ORIENTED_EDGE ( 'NONE', *, *, #1184, .F. ) ;
#552 = FACE_OUTER_BOUND ( 'NONE', #877, .T. ) ;
#553 = CARTESIAN_POINT ( 'NONE',  ( -34.99864569382102530, -10.00000000000000000, -60.00000000000000000 ) ) ;
#554 = ORIENTED_EDGE ( 'NONE', *, *, #1185, .F. ) ;
#555 = ORIENTED_EDGE ( 'NONE', *, *, #1034, .F. ) ;
#556 = LINE ( 'NONE', #1689, #170 ) ;
#557 = ADVANCED_FACE ( 'NONE', ( #1606 ), #229, .F. ) ;
#558 = CARTESIAN_POINT ( 'NONE',  ( -34.99864569382103241, 0.000000000000000000, -34.99999999999999289 ) ) ;
#559 = LINE ( 'NONE', #1717, #1358 ) ;
#560 = EDGE_CURVE ( 'NONE', #2050, #1264, #1641, .T. ) ;
#561 = ORIENTED_EDGE ( 'NONE', *, *, #1330, .F. ) ;
#562 = CYLINDRICAL_SURFACE ( 'NONE', #1192, 12.00000000000000000 ) ;
#563 = VERTEX_POINT ( 'NONE', #2028 ) ;
#564 = CARTESIAN_POINT ( 'NONE',  ( 57.00000000000002132, 0.000000000000000000, 5.204170427930421283E-15 ) ) ;
#565 = ORIENTED_EDGE ( 'NONE', *, *, #148, .F. ) ;
#566 = ORIENTED_EDGE ( 'NONE', *, *, #1290, .F. ) ;
#567 = CARTESIAN_POINT ( 'NONE',  ( -34.99864569382102530, -34.99999999999999289, -52.51941016011038244 ) ) ;
#568 = CARTESIAN_POINT ( 'NONE',  ( 29.00000000000000000, -66.00000000000000000, 18.99999999999999289 ) ) ;
#569 = AXIS2_PLACEMENT_3D ( 'NONE', #2040, #278, #1069 ) ;
#570 = ORIENTED_EDGE ( 'NONE', *, *, #211, .T. ) ;
#571 = CIRCLE ( 'NONE', #1063, 5.999999999999998224 ) ;
#572 = CARTESIAN_POINT ( 'NONE',  ( -34.99864569382102530, -10.00000000000000000, -60.00000000000000000 ) ) ;
#573 = ADVANCED_FACE ( 'NONE', ( #1626, #2222 ), #820, .T. ) ;
#574 = EDGE_CURVE ( 'NONE', #1714, #163, #1257, .T. ) ;
#575 = ORIENTED_EDGE ( 'NONE', *, *, #1484, .T. ) ;
#576 = DIRECTION ( 'NONE',  ( 1.000000000000000000, -0.000000000000000000, 0.000000000000000000 ) ) ;
#577 = CIRCLE ( 'NONE', #1030, 11.99999999999999645 ) ;
#578 = AXIS2_PLACEMENT_3D ( 'NONE', #988, #2349, #1367 ) ;
#579 = ORIENTED_EDGE ( 'NONE', *, *, #149, .T. ) ;
#580 = AXIS2_PLACEMENT_3D ( 'NONE', #2504, #1284, #113 ) ;
#581 = AXIS2_PLACEMENT_3D ( 'NONE', #56, #1812, #228 ) ;
#582 = CARTESIAN_POINT ( 'NONE',  ( -45.00000000000002132, -10.00000000000000000, -11.99999999999999289 ) ) ;
#583 = DIRECTION ( 'NONE',  ( 0.000000000000000000, 0.000000000000000000, -1.000000000000000000 ) ) ;
#584 = VERTEX_POINT ( 'NONE', #71 ) ;
#585 = CARTESIAN_POINT ( 'NONE',  ( 75.00000000000001421, 0.000000000000000000, -44.00000000000000711 ) ) ;
#586 = VERTEX_POINT ( 'NONE', #2396 ) ;
#587 = ADVANCED_FACE ( 'NONE', ( #1046 ), #2418, .F. ) ;
#588 = DIRECTION ( 'NONE',  ( -0.000000000000000000, -1.000000000000000000, 0.000000000000000000 ) ) ;
#589 = EDGE_LOOP ( 'NONE', ( #2035, #1077, #524 ) ) ;
#590 = PLANE ( 'NONE',  #1553 ) ;
#591 = PLANE ( 'NONE',  #694 ) ;
#592 = VERTEX_POINT ( 'NONE', #2004 ) ;
#593 = CARTESIAN_POINT ( 'NONE',  ( 27.00000000000000355, -10.00000000000000000, -34.99999999999999289 ) ) ;
#594 = ORIENTED_EDGE ( 'NONE', *, *, #2176, .T. ) ;
#595 = CARTESIAN_POINT ( 'NONE',  ( -42.00000000000000000, -66.00000000000000000, -6.938893903907228378E-15 ) ) ;
#596 = EDGE_LOOP ( 'NONE', ( #2024, #1865, #1339, #2330 ) ) ;
#597 = EDGE_CURVE ( 'NONE', #1043, #972, #1238, .T. ) ;
#598 = ADVANCED_FACE ( 'NONE', ( #425 ), #48, .T. ) ;
#599 = DIRECTION ( 'NONE',  ( -1.734723475976807094E-16, -0.000000000000000000, -1.000000000000000000 ) ) ;
#600 = DIRECTION ( 'NONE',  ( -0.000000000000000000, 1.000000000000000000, -0.000000000000000000 ) ) ;
#601 = CARTESIAN_POINT ( 'NONE',  ( 35.00000000000000000, 35.00000000000000000, -60.00000000000000711 ) ) ;
#602 = CARTESIAN_POINT ( 'NONE',  ( 32.00000000000000000, -28.93660937409167033, -28.26584765647708863 ) ) ;
#603 = COLOUR_RGB ( '',0.7921568627450980005, 0.8196078431372548767, 0.9333333333333333481 ) ;
#604 = AXIS2_PLACEMENT_3D ( 'NONE', #2375, #588, #2342 ) ;
#605 = VERTEX_POINT ( 'NONE', #447 ) ;
#606 = DIRECTION ( 'NONE',  ( 0.000000000000000000, 1.000000000000000000, -0.000000000000000000 ) ) ;
#607 = EDGE_LOOP ( 'NONE', ( #356, #1223, #1338, #258, #2304 ) ) ;
#608 = AXIS2_PLACEMENT_3D ( 'NONE', #213, #1961, #2164 ) ;
#609 = ORIENTED_EDGE ( 'NONE', *, *, #1411, .F. ) ;
#610 = AXIS2_PLACEMENT_3D ( 'NONE', #1523, #1165, #1919 ) ;
#611 = DIRECTION ( 'NONE',  ( -1.734723475976807094E-16, 0.000000000000000000, 1.000000000000000000 ) ) ;
#612 = DIRECTION ( 'NONE',  ( 0.000000000000000000, 0.000000000000000000, 1.000000000000000000 ) ) ;
#613 = AXIS2_PLACEMENT_3D ( 'NONE', #2124, #2497, #1501 ) ;
#614 = ADVANCED_FACE ( 'NONE', ( #663 ), #2232, .F. ) ;
#615 = EDGE_CURVE ( 'NONE', #655, #1323, #1925, .T. ) ;
#616 = CARTESIAN_POINT ( 'NONE',  ( 29.00000000000000000, -66.00000000000000000, -6.938893903907228378E-15 ) ) ;
#617 = VECTOR ( 'NONE', #1887, 1000.000000000000000 ) ;
#618 = CARTESIAN_POINT ( 'NONE',  ( -33.00000000000000000, 35.00000000000000000, -37.00000000000000711 ) ) ;
#619 = EDGE_CURVE ( 'NONE', #1647, #2061, #1182, .T. ) ;
#620 = DIRECTION ( 'NONE',  ( 0.000000000000000000, 0.000000000000000000, -1.000000000000000000 ) ) ;
#621 = ORIENTED_EDGE ( 'NONE', *, *, #1212, .F. ) ;
#622 = DIRECTION ( 'NONE',  ( 0.000000000000000000, 1.000000000000000000, -0.000000000000000000 ) ) ;
#623 = ORIENTED_EDGE ( 'NONE', *, *, #2544, .F. ) ;
#624 = ORIENTED_EDGE ( 'NONE', *, *, #833, .F. ) ;
#625 = CARTESIAN_POINT ( 'NONE',  ( 45.00000000000000000, -66.00000000000000000, -19.00000000000000711 ) ) ;
#626 = DIRECTION ( 'NONE',  ( 0.000000000000000000, 1.000000000000000000, 0.000000000000000000 ) ) ;
#627 = EDGE_CURVE ( 'NONE', #1947, #1541, #1365, .T. ) ;
#628 = DIRECTION ( 'NONE',  ( 0.000000000000000000, 1.000000000000000000, 0.000000000000000000 ) ) ;
#629 = DIRECTION ( 'NONE',  ( 1.000000000000000000, -0.000000000000000000, -0.000000000000000000 ) ) ;
#630 = ADVANCED_FACE ( 'NONE', ( #461 ), #1250, .F. ) ;
#631 = VERTEX_POINT ( 'NONE', #21 ) ;
#632 = LINE ( 'NONE', #1203, #531 ) ;
#633 = ORIENTED_EDGE ( 'NONE', *, *, #164, .T. ) ;
#634 = ORIENTED_EDGE ( 'NONE', *, *, #371, .F. ) ;
#635 = VECTOR ( 'NONE', #2546, 1000.000000000000000 ) ;
#636 = CARTESIAN_POINT ( 'NONE',  ( 42.00000000000000000, -28.93660937409167033, -28.26584765647708508 ) ) ;
#637 = CARTESIAN_POINT ( 'NONE',  ( 28.00000000000000000, 35.00000000000000000, -22.00000000000000355 ) ) ;
#638 = FACE_OUTER_BOUND ( 'NONE', #1966, .T. ) ;
#639 = CARTESIAN_POINT ( 'NONE',  ( 45.00000000000002842, -10.00000000000000000, 28.00000000000000711 ) ) ;
#640 = VECTOR ( 'NONE', #2292, 1000.000000000000000 ) ;
#641 = VERTEX_POINT ( 'NONE', #1021 ) ;
#642 = DIRECTION ( 'NONE',  ( 1.000000000000000000, -0.000000000000000000, -0.000000000000000000 ) ) ;
#643 = EDGE_CURVE ( 'NONE', #2483, #2448, #2507, .T. ) ;
#644 = EDGE_CURVE ( 'NONE', #221, #303, #405, .T. ) ;
#645 = AXIS2_PLACEMENT_3D ( 'NONE', #939, #2257, #536 ) ;
#646 = VERTEX_POINT ( 'NONE', #917 ) ;
#647 = EDGE_LOOP ( 'NONE', ( #736, #1261, #2074, #508 ) ) ;
#648 = VECTOR ( 'NONE', #2226, 1000.000000000000000 ) ;
#649 = CARTESIAN_POINT ( 'NONE',  ( 69.00000000000000000, 0.000000000000000000, -23.99999999999999289 ) ) ;
#650 = DIRECTION ( 'NONE',  ( 1.000000000000000000, 0.000000000000000000, 0.000000000000000000 ) ) ;
#651 = VECTOR ( 'NONE', #754, 1000.000000000000000 ) ;
#652 = AXIS2_PLACEMENT_3D ( 'NONE', #464, #41, #826 ) ;
#653 = CARTESIAN_POINT ( 'NONE',  ( 75.00000000000001421, -9.999999999999994671, -44.00000000000000711 ) ) ;
#654 = CARTESIAN_POINT ( 'NONE',  ( -34.99864569382103241, 0.000000000000000000, -34.99999999999999289 ) ) ;
#655 = VERTEX_POINT ( 'NONE', #702 ) ;
#656 = PLANE ( 'NONE',  #2090 ) ;
#657 = ORIENTED_EDGE ( 'NONE', *, *, #791, .T. ) ;
#658 = EDGE_CURVE ( 'NONE', #2042, #2454, #1266, .T. ) ;
#659 = ORIENTED_EDGE ( 'NONE', *, *, #7, .T. ) ;
#660 = CARTESIAN_POINT ( 'NONE',  ( 42.00000000000000000, -34.99999999999999289, -52.51941016011038244 ) ) ;
#661 = VERTEX_POINT ( 'NONE', #337 ) ;
#662 = CARTESIAN_POINT ( 'NONE',  ( 0.000000000000000000, 35.00000000000000000, 0.000000000000000000 ) ) ;
#663 = FACE_OUTER_BOUND ( 'NONE', #2274, .T. ) ;
#664 = CARTESIAN_POINT ( 'NONE',  ( 0.000000000000000000, 0.000000000000000000, 0.000000000000000000 ) ) ;
#665 = FACE_BOUND ( 'NONE', #2228, .T. ) ;
#666 = ORIENTED_EDGE ( 'NONE', *, *, #1484, .F. ) ;
#667 = CARTESIAN_POINT ( 'NONE',  ( 69.00000000000000000, -10.00000000000000000, -23.99999999999999289 ) ) ;
#668 = EDGE_LOOP ( 'NONE', ( #938, #306, #1081, #633 ) ) ;
#669 = ORIENTED_EDGE ( 'NONE', *, *, #2252, .T. ) ;
#670 = CARTESIAN_POINT ( 'NONE',  ( 34.99864569382102530, -10.00000000000000000, -52.51941016011038244 ) ) ;
#671 = VERTEX_POINT ( 'NONE', #2057 ) ;
#672 = DIRECTION ( 'NONE',  ( 0.000000000000000000, -1.000000000000000000, 0.000000000000000000 ) ) ;
#673 = CARTESIAN_POINT ( 'NONE',  ( -69.00000000000000000, -10.00000000000000000, -44.00000000000000711 ) ) ;
#674 = EDGE_CURVE ( 'NONE', #2255, #1614, #2475, .T. ) ;
#675 = DIRECTION ( 'NONE',  ( 0.000000000000000000, 0.000000000000000000, 1.000000000000000000 ) ) ;
#676 = DIRECTION ( 'NONE',  ( 0.000000000000000000, 0.000000000000000000, 1.000000000000000000 ) ) ;
#677 = VERTEX_POINT ( 'NONE', #98 ) ;
#678 = FACE_OUTER_BOUND ( 'NONE', #391, .T. ) ;
#679 = AXIS2_PLACEMENT_3D ( 'NONE', #2086, #1891, #1917 ) ;
#680 = VERTEX_POINT ( 'NONE', #1519 ) ;
#681 = ORIENTED_EDGE ( 'NONE', *, *, #834, .F. ) ;
#682 = DIRECTION ( 'NONE',  ( 1.000000000000000000, 0.000000000000000000, 0.000000000000000000 ) ) ;
#683 = DIRECTION ( 'NONE',  ( 1.000000000000000000, -0.000000000000000000, 0.000000000000000000 ) ) ;
#684 = VERTEX_POINT ( 'NONE', #1668 ) ;
#685 = CARTESIAN_POINT ( 'NONE',  ( -69.00000000000000000, 0.000000000000000000, -23.99999999999999289 ) ) ;
#686 = CARTESIAN_POINT ( 'NONE',  ( -69.00000000000000000, -10.00000000000000000, -23.99999999999999289 ) ) ;
#687 = VECTOR ( 'NONE', #519, 1000.000000000000000 ) ;
#688 = CARTESIAN_POINT ( 'NONE',  ( -34.99864569382103241, -17.16547540185549536, -34.99999999999999289 ) ) ;
#689 = ADVANCED_FACE ( 'NONE', ( #1123 ), #2244, .T. ) ;
#690 = VECTOR ( 'NONE', #2056, 1000.000000000000000 ) ;
#691 = CARTESIAN_POINT ( 'NONE',  ( 34.99864569382103241, -10.00000000000000000, -34.99999999999999289 ) ) ;
#692 = VECTOR ( 'NONE', #1562, 1000.000000000000000 ) ;
#693 = PLANE ( 'NONE',  #738 ) ;
#694 = AXIS2_PLACEMENT_3D ( 'NONE', #1754, #949, #1137 ) ;
#695 = EDGE_LOOP ( 'NONE', ( #1251, #201, #2106, #54 ) ) ;
#696 = DIRECTION ( 'NONE',  ( -1.387778780781445478E-15, 0.000000000000000000, 1.000000000000000000 ) ) ;
#697 = VECTOR ( 'NONE', #315, 1000.000000000000000 ) ;
#698 = EDGE_LOOP ( 'NONE', ( #1912, #712, #2199, #2168, #1613, #1402 ) ) ;
#699 = CARTESIAN_POINT ( 'NONE',  ( 57.00000000000000711, -10.00000000000000000, -23.99999999999999289 ) ) ;
#700 = ORIENTED_EDGE ( 'NONE', *, *, #1824, .T. ) ;
#701 = DIRECTION ( 'NONE',  ( -0.000000000000000000, -1.000000000000000000, -0.000000000000000000 ) ) ;
#702 = CARTESIAN_POINT ( 'NONE',  ( 0.000000000000000000, 0.000000000000000000, -16.00000000000000000 ) ) ;
#703 = LINE ( 'NONE', #2127, #911 ) ;
#704 = CARTESIAN_POINT ( 'NONE',  ( 0.000000000000000000, 0.000000000000000000, 0.000000000000000000 ) ) ;
#705 = CARTESIAN_POINT ( 'NONE',  ( -75.00000000000000000, 35.00000000000000000, -50.00000000000000000 ) ) ;
#706 = VERTEX_POINT ( 'NONE', #526 ) ;
#707 = CARTESIAN_POINT ( 'NONE',  ( 42.00000000000000000, -8.352941176470585205, -33.41176470588235503 ) ) ;
#708 = ADVANCED_FACE ( 'NONE', ( #2276 ), #2306, .T. ) ;
#709 = ORIENTED_EDGE ( 'NONE', *, *, #658, .F. ) ;
#710 = FACE_OUTER_BOUND ( 'NONE', #1895, .T. ) ;
#711 = CARTESIAN_POINT ( 'NONE',  ( -75.00000000000002842, -10.00000000000000000, -49.99999999999999289 ) ) ;
#712 = ORIENTED_EDGE ( 'NONE', *, *, #2458, .F. ) ;
#713 = CARTESIAN_POINT ( 'NONE',  ( -75.00000000000001421, 0.000000000000000000, -44.00000000000000711 ) ) ;
#714 = CARTESIAN_POINT ( 'NONE',  ( -57.21602314184520566, 23.00000000000002842, -60.00100000000000477 ) ) ;
#715 = DIRECTION ( 'NONE',  ( -1.000000000000000000, 0.000000000000000000, 0.000000000000000000 ) ) ;
#716 = CYLINDRICAL_SURFACE ( 'NONE', #806, 19.00000000000000000 ) ;
#717 = CARTESIAN_POINT ( 'NONE',  ( -25.00000000000000000, 0.000000000000000000, -22.00000000000000355 ) ) ;
#718 = EDGE_LOOP ( 'NONE', ( #2345, #1922, #103, #1509, #1786 ) ) ;
#719 = LINE ( 'NONE', #1510, #1189 ) ;
#720 = VERTEX_POINT ( 'NONE', #2500 ) ;
#721 = AXIS2_PLACEMENT_3D ( 'NONE', #664, #72, #860 ) ;
#722 = ADVANCED_FACE ( 'NONE', ( #320, #1701 ), #515, .T. ) ;
#723 = EDGE_CURVE ( 'NONE', #1671, #584, #729, .T. ) ;
#724 = CARTESIAN_POINT ( 'NONE',  ( 45.00000000000000000, -66.00000000000000000, -6.938893903907228378E-15 ) ) ;
#725 = CARTESIAN_POINT ( 'NONE',  ( 35.00000000000000000, 0.000000000000000000, 0.000000000000000000 ) ) ;
#726 = VECTOR ( 'NONE', #491, 1000.000000000000000 ) ;
#727 = EDGE_LOOP ( 'NONE', ( #863, #657, #2428, #55, #555, #288 ) ) ;
#728 = DIRECTION ( 'NONE',  ( -0.000000000000000000, -0.9873303712766987594, -0.1586780953837554076 ) ) ;
#729 = LINE ( 'NONE', #141, #68 ) ;
#730 = AXIS2_PLACEMENT_3D ( 'NONE', #109, #1656, #2445 ) ;
#731 = VECTOR ( 'NONE', #53, 1000.000000000000000 ) ;
#732 = ORIENTED_EDGE ( 'NONE', *, *, #195, .T. ) ;
#733 = CARTESIAN_POINT ( 'NONE',  ( 27.00000000000000000, -14.99999999999999645, -35.00000000000000000 ) ) ;
#734 = CARTESIAN_POINT ( 'NONE',  ( -32.00000000000000000, -66.00000000000000000, 18.99999999999999289 ) ) ;
#735 = DIRECTION ( 'NONE',  ( -0.000000000000000000, -1.000000000000000000, -0.000000000000000000 ) ) ;
#736 = ORIENTED_EDGE ( 'NONE', *, *, #195, .F. ) ;
#737 = CYLINDRICAL_SURFACE ( 'NONE', #2554, 12.00000000000000000 ) ;
#738 = AXIS2_PLACEMENT_3D ( 'NONE', #1837, #1658, #1059 ) ;
#739 = ORIENTED_EDGE ( 'NONE', *, *, #1047, .F. ) ;
#740 = CIRCLE ( 'NONE', #210, 19.00000000000000000 ) ;
#741 =( NAMED_UNIT ( * ) PLANE_ANGLE_UNIT ( ) SI_UNIT ( $, .RADIAN. ) );
#742 = CARTESIAN_POINT ( 'NONE',  ( 33.00000000000000000, 0.000000000000000000, -25.00000000000000000 ) ) ;
#743 = AXIS2_PLACEMENT_3D ( 'NONE', #941, #2286, #1120 ) ;
#744 = EDGE_CURVE ( 'NONE', #2204, #1709, #2456, .T. ) ;
#745 = ORIENTED_EDGE ( 'NONE', *, *, #1362, .T. ) ;
#746 = CARTESIAN_POINT ( 'NONE',  ( 0.000000000000000000, -9.999999999999994671, 0.000000000000000000 ) ) ;
#747 = EDGE_CURVE ( 'NONE', #1487, #1860, #541, .T. ) ;
#748 = ADVANCED_FACE ( 'NONE', ( #1504 ), #84, .F. ) ;
#749 = EDGE_LOOP ( 'NONE', ( #82, #1542, #2465, #1139, #2401, #1321, #875, #423 ) ) ;
#750 = DIRECTION ( 'NONE',  ( -0.000000000000000000, -1.000000000000000000, 0.000000000000000000 ) ) ;
#751 = FACE_OUTER_BOUND ( 'NONE', #248, .T. ) ;
#752 = CARTESIAN_POINT ( 'NONE',  ( 0.000000000000000000, 35.00000000000000000, -60.00000000000000711 ) ) ;
#753 = EDGE_LOOP ( 'NONE', ( #171, #1382, #1187, #1235 ) ) ;
#754 = DIRECTION ( 'NONE',  ( -0.000000000000000000, 1.000000000000000000, 0.000000000000000000 ) ) ;
#755 = VERTEX_POINT ( 'NONE', #673 ) ;
#756 = CYLINDRICAL_SURFACE ( 'NONE', #2169, 19.00000000000000000 ) ;
#757 = ORIENTED_EDGE ( 'NONE', *, *, #800, .F. ) ;
#758 = ORIENTED_EDGE ( 'NONE', *, *, #1690, .T. ) ;
#759 = CARTESIAN_POINT ( 'NONE',  ( 0.000000000000000000, 0.000000000000000000, 0.000000000000000000 ) ) ;
#760 = FACE_OUTER_BOUND ( 'NONE', #811, .T. ) ;
#761 = EDGE_CURVE ( 'NONE', #2033, #397, #930, .T. ) ;
#762 = EDGE_CURVE ( 'NONE', #1115, #2159, #1325, .T. ) ;
#763 = LINE ( 'NONE', #568, #1227 ) ;
#764 = ORIENTED_EDGE ( 'NONE', *, *, #1892, .F. ) ;
#765 = CARTESIAN_POINT ( 'NONE',  ( -45.00000000000002132, -10.00000000000000000, 6.938893903907228378E-15 ) ) ;
#766 = ORIENTED_EDGE ( 'NONE', *, *, #2397, .T. ) ;
#767 = DIRECTION ( 'NONE',  ( 0.000000000000000000, 0.000000000000000000, -1.000000000000000000 ) ) ;
#768 = ORIENTED_EDGE ( 'NONE', *, *, #2441, .T. ) ;
#769 = ORIENTED_EDGE ( 'NONE', *, *, #2202, .T. ) ;
#770 = AXIS2_PLACEMENT_3D ( 'NONE', #1578, #987, #794 ) ;
#771 = CARTESIAN_POINT ( 'NONE',  ( 69.00000000000000000, -10.00000000000000000, -49.99999999999999289 ) ) ;
#772 = DIRECTION ( 'NONE',  ( 1.000000000000000000, 0.000000000000000000, 0.000000000000000000 ) ) ;
#773 = AXIS2_PLACEMENT_3D ( 'NONE', #1037, #1445, #832 ) ;
#774 = ADVANCED_FACE ( 'NONE', ( #1282 ), #1873, .T. ) ;
#775 = DIRECTION ( 'NONE',  ( 0.000000000000000000, 0.000000000000000000, -1.000000000000000000 ) ) ;
#776 = VECTOR ( 'NONE', #1131, 1000.000000000000000 ) ;
#777 = CARTESIAN_POINT ( 'NONE',  ( 29.00000000000000000, -66.00000000000000000, 9.999999999999992895 ) ) ;
#778 = DIRECTION ( 'NONE',  ( -0.000000000000000000, -0.000000000000000000, 1.000000000000000000 ) ) ;
#779 = VERTEX_POINT ( 'NONE', #1456 ) ;
#780 = VECTOR ( 'NONE', #525, 1000.000000000000000 ) ;
#781 = FACE_OUTER_BOUND ( 'NONE', #117, .T. ) ;
#782 = CIRCLE ( 'NONE', #2009, 19.00000000000000000 ) ;
#783 = EDGE_LOOP ( 'NONE', ( #1414, #2372, #159, #561 ) ) ;
#784 = VECTOR ( 'NONE', #142, 1000.000000000000000 ) ;
#785 = DIRECTION ( 'NONE',  ( -1.000000000000000000, 0.000000000000000000, 2.775557561562891351E-16 ) ) ;
#786 = CARTESIAN_POINT ( 'NONE',  ( -57.21602314184520566, 23.00000000000002842, -50.00000000000000000 ) ) ;
#787 = FACE_OUTER_BOUND ( 'NONE', #2126, .T. ) ;
#788 = DIRECTION ( 'NONE',  ( 0.000000000000000000, 0.000000000000000000, -1.000000000000000000 ) ) ;
#789 = ORIENTED_EDGE ( 'NONE', *, *, #1546, .F. ) ;
#790 = CARTESIAN_POINT ( 'NONE',  ( 45.00000000000000000, -66.00000000000000000, -6.938893903907228378E-15 ) ) ;
#791 = EDGE_CURVE ( 'NONE', #2151, #2341, #918, .T. ) ;
#792 = ORIENTED_EDGE ( 'NONE', *, *, #1198, .T. ) ;
#793 = LINE ( 'NONE', #2381, #959 ) ;
#794 = DIRECTION ( 'NONE',  ( 0.000000000000000000, -0.000000000000000000, -1.000000000000000000 ) ) ;
#795 = DIRECTION ( 'NONE',  ( 0.000000000000000000, 0.000000000000000000, -1.000000000000000000 ) ) ;
#796 = CARTESIAN_POINT ( 'NONE',  ( 0.000000000000000000, 35.00000000000000000, 0.000000000000000000 ) ) ;
#797 = PLANE ( 'NONE',  #904 ) ;
#798 = ORIENTED_EDGE ( 'NONE', *, *, #1633, .T. ) ;
#799 = DIRECTION ( 'NONE',  ( 0.000000000000000000, 0.000000000000000000, -1.000000000000000000 ) ) ;
#800 = EDGE_CURVE ( 'NONE', #677, #2443, #1637, .T. ) ;
#801 = ADVANCED_FACE ( 'NONE', ( #2439 ), #817, .F. ) ;
#802 = AXIS2_PLACEMENT_3D ( 'NONE', #796, #1356, #2145 ) ;
#803 = ORIENTED_EDGE ( 'NONE', *, *, #2494, .F. ) ;
#804 = AXIS2_PLACEMENT_3D ( 'NONE', #1154, #1400, #2399 ) ;
#805 = DIRECTION ( 'NONE',  ( -0.000000000000000000, -0.000000000000000000, -1.000000000000000000 ) ) ;
#806 = AXIS2_PLACEMENT_3D ( 'NONE', #1460, #1494, #1673 ) ;
#807 = CARTESIAN_POINT ( 'NONE',  ( -34.99864569382103241, -10.00000000000000000, -34.99999999999999289 ) ) ;
#808 = DIRECTION ( 'NONE',  ( 0.000000000000000000, 0.000000000000000000, -1.000000000000000000 ) ) ;
#809 = DIRECTION ( 'NONE',  ( 0.000000000000000000, 1.000000000000000000, 0.000000000000000000 ) ) ;
#810 = AXIS2_PLACEMENT_3D ( 'NONE', #1663, #2092, #521 ) ;
#811 = EDGE_LOOP ( 'NONE', ( #757, #261, #1310, #789, #1782, #732, #769, #1031, #1205, #347, #2109 ) ) ;
#812 = FACE_OUTER_BOUND ( 'NONE', #695, .T. ) ;
#813 = EDGE_LOOP ( 'NONE', ( #1405, #1287, #1146, #1830 ) ) ;
#814 = VECTOR ( 'NONE', #672, 1000.000000000000000 ) ;
#815 = AXIS2_PLACEMENT_3D ( 'NONE', #481, #2237, #284 ) ;
#816 = ORIENTED_EDGE ( 'NONE', *, *, #1372, .T. ) ;
#817 = PLANE ( 'NONE',  #1880 ) ;
#818 = ADVANCED_FACE ( 'NONE', ( #552 ), #913, .F. ) ;
#819 = AXIS2_PLACEMENT_3D ( 'NONE', #1481, #676, #2265 ) ;
#820 = PLANE ( 'NONE',  #1676 ) ;
#821 = VECTOR ( 'NONE', #1297, 1000.000000000000000 ) ;
#822 = ADVANCED_FACE ( 'NONE', ( #2470 ), #1079, .F. ) ;
#823 = EDGE_CURVE ( 'NONE', #1796, #779, #122, .T. ) ;
#824 = VECTOR ( 'NONE', #1518, 1000.000000000000000 ) ;
#825 = CARTESIAN_POINT ( 'NONE',  ( 42.00000000000000000, -28.93660937409167033, -28.26584765647708863 ) ) ;
#826 = DIRECTION ( 'NONE',  ( 0.000000000000000000, 0.000000000000000000, -1.000000000000000000 ) ) ;
#827 = VERTEX_POINT ( 'NONE', #2065 ) ;
#828 = CARTESIAN_POINT ( 'NONE',  ( 25.00000000000000000, 35.00000000000000000, 0.000000000000000000 ) ) ;
#829 = VERTEX_POINT ( 'NONE', #301 ) ;
#830 = ORIENTED_EDGE ( 'NONE', *, *, #1591, .F. ) ;
#831 = CARTESIAN_POINT ( 'NONE',  ( 35.00000000000000000, 0.000000000000000000, -60.00000000000000000 ) ) ;
#832 = DIRECTION ( 'NONE',  ( 0.000000000000000000, 0.000000000000000000, -1.000000000000000000 ) ) ;
#833 = EDGE_CURVE ( 'NONE', #912, #452, #137, .T. ) ;
#834 = EDGE_CURVE ( 'NONE', #1350, #1714, #2416, .T. ) ;
#835 = CARTESIAN_POINT ( 'NONE',  ( 75.00000000000000000, 35.00000000000000000, -60.00000000000000711 ) ) ;
#836 = CARTESIAN_POINT ( 'NONE',  ( 29.00000000000000000, -66.00000000000000000, 18.99999999999999289 ) ) ;
#837 = ORIENTED_EDGE ( 'NONE', *, *, #2218, .T. ) ;
#838 = LINE ( 'NONE', #1621, #1595 ) ;
#839 = ORIENTED_EDGE ( 'NONE', *, *, #2079, .T. ) ;
#840 = ORIENTED_EDGE ( 'NONE', *, *, #254, .T. ) ;
#841 = LINE ( 'NONE', #83, #902 ) ;
#842 = DIRECTION ( 'NONE',  ( 0.000000000000000000, 0.000000000000000000, 1.000000000000000000 ) ) ;
#843 = DIRECTION ( 'NONE',  ( -1.000000000000000000, -0.000000000000000000, -0.000000000000000000 ) ) ;
#844 = MANIFOLD_SOLID_BREP ( 'Mirror2', #1415 ) ;
#845 = CIRCLE ( 'NONE', #64, 10.00000000000000000 ) ;
#846 = EDGE_CURVE ( 'NONE', #1541, #1061, #2484, .T. ) ;
#847 = ORIENTED_EDGE ( 'NONE', *, *, #236, .F. ) ;
#848 = VECTOR ( 'NONE', #2186, 1000.000000000000000 ) ;
#849 = DIRECTION ( 'NONE',  ( -1.734723475976807094E-16, 0.000000000000000000, -1.000000000000000000 ) ) ;
#850 = CIRCLE ( 'NONE', #1557, 10.00000000000000000 ) ;
#851 = VERTEX_POINT ( 'NONE', #290 ) ;
#852 = EDGE_LOOP ( 'NONE', ( #313, #2473, #1711, #292 ) ) ;
#853 = AXIS2_PLACEMENT_3D ( 'NONE', #75, #1413, #1646 ) ;
#854 = CARTESIAN_POINT ( 'NONE',  ( -27.00000000000000000, -14.99999999999999645, -35.00000000000000000 ) ) ;
#855 = VECTOR ( 'NONE', #925, 1000.000000000000000 ) ;
#856 = DIRECTION ( 'NONE',  ( 0.000000000000000000, -0.000000000000000000, -1.000000000000000000 ) ) ;
#857 = CARTESIAN_POINT ( 'NONE',  ( 32.00000000000000000, -12.07106781186547373, 27.66714981595019651 ) ) ;
#858 = CIRCLE ( 'NONE', #1842, 5.999999999999998224 ) ;
#859 = VECTOR ( 'NONE', #907, 1000.000000000000000 ) ;
#860 = DIRECTION ( 'NONE',  ( 0.000000000000000000, 0.000000000000000000, -1.000000000000000000 ) ) ;
#861 = CARTESIAN_POINT ( 'NONE',  ( -25.00000000000000000, 0.000000000000000000, 0.000000000000000000 ) ) ;
#862 = AXIS2_PLACEMENT_3D ( 'NONE', #2258, #333, #914 ) ;
#863 = ORIENTED_EDGE ( 'NONE', *, *, #1457, .F. ) ;
#864 = FACE_OUTER_BOUND ( 'NONE', #1611, .T. ) ;
#865 = ORIENTED_EDGE ( 'NONE', *, *, #1211, .F. ) ;
#866 = EDGE_CURVE ( 'NONE', #1404, #706, #2272, .T. ) ;
#867 = ORIENTED_EDGE ( 'NONE', *, *, #1591, .T. ) ;
#868 = ADVANCED_FACE ( 'NONE', ( #710 ), #2300, .F. ) ;
#869 = LINE ( 'NONE', #274, #1476 ) ;
#870 = ORIENTED_EDGE ( 'NONE', *, *, #1532, .T. ) ;
#871 = DIRECTION ( 'NONE',  ( -0.000000000000000000, -1.000000000000000000, -0.000000000000000000 ) ) ;
#872 = DIRECTION ( 'NONE',  ( 1.000000000000000000, -0.000000000000000000, -0.000000000000000000 ) ) ;
#873 = CARTESIAN_POINT ( 'NONE',  ( 32.00000000000000000, 35.00000000000000000, -38.00000000000000711 ) ) ;
#874 = DIRECTION ( 'NONE',  ( 0.000000000000000000, 0.000000000000000000, -1.000000000000000000 ) ) ;
#875 = ORIENTED_EDGE ( 'NONE', *, *, #1824, .F. ) ;
#876 = CARTESIAN_POINT ( 'NONE',  ( -45.00000000000000000, -66.00000000000000000, 18.99999999999999289 ) ) ;
#877 = EDGE_LOOP ( 'NONE', ( #1941, #1202, #350, #1727 ) ) ;
#878 = ORIENTED_EDGE ( 'NONE', *, *, #2463, .F. ) ;
#879 = SURFACE_SIDE_STYLE ('',( #104 ) ) ;
#880 = LINE ( 'NONE', #807, #2142 ) ;
#881 = EDGE_CURVE ( 'NONE', #1759, #2230, #69, .T. ) ;
#882 = EDGE_CURVE ( 'NONE', #706, #1897, #850, .T. ) ;
#883 = ORIENTED_EDGE ( 'NONE', *, *, #2099, .F. ) ;
#884 = CARTESIAN_POINT ( 'NONE',  ( 0.000000000000000000, 35.00000000000000000, -50.00000000000000000 ) ) ;
#885 = DIRECTION ( 'NONE',  ( 0.000000000000000000, 0.000000000000000000, 1.000000000000000000 ) ) ;
#886 = ORIENTED_EDGE ( 'NONE', *, *, #180, .T. ) ;
#887 = DIRECTION ( 'NONE',  ( 1.000000000000000000, -0.000000000000000000, -0.000000000000000000 ) ) ;
#888 = LINE ( 'NONE', #903, #640 ) ;
#889 = LINE ( 'NONE', #115, #282 ) ;
#890 = AXIS2_PLACEMENT_3D ( 'NONE', #1745, #1769, #1002 ) ;
#891 = ORIENTED_EDGE ( 'NONE', *, *, #2000, .T. ) ;
#892 = DIRECTION ( 'NONE',  ( 0.000000000000000000, -1.000000000000000000, 0.000000000000000000 ) ) ;
#893 = VECTOR ( 'NONE', #437, 1000.000000000000000 ) ;
#894 = ORIENTED_EDGE ( 'NONE', *, *, #674, .F. ) ;
#895 =( LENGTH_UNIT ( ) NAMED_UNIT ( * ) SI_UNIT ( .MILLI., .METRE. ) );
#896 = AXIS2_PLACEMENT_3D ( 'NONE', #1312, #2096, #1902 ) ;
#897 = ORIENTED_EDGE ( 'NONE', *, *, #2494, .T. ) ;
#898 = DIRECTION ( 'NONE',  ( 0.000000000000000000, 0.000000000000000000, -1.000000000000000000 ) ) ;
#899 = DIRECTION ( 'NONE',  ( 1.000000000000000000, -0.000000000000000000, 0.000000000000000000 ) ) ;
#900 = ORIENTED_EDGE ( 'NONE', *, *, #846, .F. ) ;
#901 = DIRECTION ( 'NONE',  ( -0.000000000000000000, -1.000000000000000000, -0.000000000000000000 ) ) ;
#902 = VECTOR ( 'NONE', #1417, 1000.000000000000000 ) ;
#903 = CARTESIAN_POINT ( 'NONE',  ( -25.00000000000000000, 35.00000000000000000, 0.000000000000000000 ) ) ;
#904 = AXIS2_PLACEMENT_3D ( 'NONE', #1390, #427, #1200 ) ;
#905 = EDGE_CURVE ( 'NONE', #1794, #1603, #2496, .T. ) ;
#906 = EDGE_CURVE ( 'NONE', #2364, #2359, #1309, .T. ) ;
#907 = DIRECTION ( 'NONE',  ( -1.000000000000000000, 0.000000000000000000, -0.000000000000000000 ) ) ;
#908 = VECTOR ( 'NONE', #232, 1000.000000000000000 ) ;
#909 = ORIENTED_EDGE ( 'NONE', *, *, #18, .T. ) ;
#910 = DIRECTION ( 'NONE',  ( 0.000000000000000000, 1.000000000000000000, 0.000000000000000000 ) ) ;
#911 = VECTOR ( 'NONE', #887, 1000.000000000000000 ) ;
#912 = VERTEX_POINT ( 'NONE', #1748 ) ;
#913 = CYLINDRICAL_SURFACE ( 'NONE', #645, 5.783976858154793455 ) ;
#914 = DIRECTION ( 'NONE',  ( 0.000000000000000000, 0.000000000000000000, -1.000000000000000000 ) ) ;
#915 = ORIENTED_EDGE ( 'NONE', *, *, #1211, .T. ) ;
#916 = CARTESIAN_POINT ( 'NONE',  ( -35.00000000000000000, 35.00000000000000000, -38.00000000000000711 ) ) ;
#917 = CARTESIAN_POINT ( 'NONE',  ( 32.00000000000000000, -17.16547540185549536, -35.00000000000000000 ) ) ;
#918 = LINE ( 'NONE', #457, #1385 ) ;
#919 = LINE ( 'NONE', #2263, #2350 ) ;
#920 = LINE ( 'NONE', #1691, #271 ) ;
#921 = CARTESIAN_POINT ( 'NONE',  ( -25.00000000000000000, 35.00000000000000000, 0.000000000000000000 ) ) ;
#922 = EDGE_CURVE ( 'NONE', #2468, #605, #1764, .T. ) ;
#923 = EDGE_CURVE ( 'NONE', #2130, #2280, #190, .T. ) ;
#924 = EDGE_LOOP ( 'NONE', ( #136, #1846, #1985, #1209 ) ) ;
#925 = DIRECTION ( 'NONE',  ( 0.000000000000000000, -1.000000000000000000, -0.000000000000000000 ) ) ;
#926 = ORIENTED_EDGE ( 'NONE', *, *, #300, .T. ) ;
#927 = LINE ( 'NONE', #725, #1394 ) ;
#928 = VERTEX_POINT ( 'NONE', #1927 ) ;
#929 = DIRECTION ( 'NONE',  ( 0.000000000000000000, 0.000000000000000000, -1.000000000000000000 ) ) ;
#930 = LINE ( 'NONE', #505, #112 ) ;
#931 = ORIENTED_EDGE ( 'NONE', *, *, #1892, .T. ) ;
#932 = CARTESIAN_POINT ( 'NONE',  ( 34.99864569382102530, -10.00000000000000000, -60.00000000000000000 ) ) ;
#933 = CARTESIAN_POINT ( 'NONE',  ( 34.99864569382103241, 0.000000000000000000, -37.90986674904009845 ) ) ;
#934 = CARTESIAN_POINT ( 'NONE',  ( 75.00000000000000000, 35.00000000000000000, -50.00000000000000000 ) ) ;
#935 = ORIENTED_EDGE ( 'NONE', *, *, #1384, .T. ) ;
#936 = DIRECTION ( 'NONE',  ( -1.000000000000000000, 0.000000000000000000, 0.000000000000000000 ) ) ;
#937 = EDGE_CURVE ( 'NONE', #226, #2033, #1169, .T. ) ;
#938 = ORIENTED_EDGE ( 'NONE', *, *, #2160, .T. ) ;
#939 = CARTESIAN_POINT ( 'NONE',  ( 63.00000000000000000, 23.00000000000000000, -60.00100000000000477 ) ) ;
#940 = ADVANCED_FACE ( 'NONE', ( #781 ), #756, .T. ) ;
#941 = CARTESIAN_POINT ( 'NONE',  ( -75.00000000000001421, 35.00000000000000000, -44.00000000000000711 ) ) ;
#942 = VECTOR ( 'NONE', #805, 1000.000000000000000 ) ;
#943 = ORIENTED_EDGE ( 'NONE', *, *, #1171, .F. ) ;
#944 = FACE_BOUND ( 'NONE', #2299, .T. ) ;
#945 = CIRCLE ( 'NONE', #853, 3.000000000000002665 ) ;
#946 = ORIENTED_EDGE ( 'NONE', *, *, #1565, .F. ) ;
#947 = CARTESIAN_POINT ( 'NONE',  ( -33.00000000000000000, 0.000000000000000000, -37.00000000000000711 ) ) ;
#948 = CARTESIAN_POINT ( 'NONE',  ( -75.00000000000000000, 0.000000000000000000, -50.00000000000000000 ) ) ;
#949 = DIRECTION ( 'NONE',  ( 1.000000000000000000, -0.000000000000000000, 0.000000000000000000 ) ) ;
#950 = AXIS2_PLACEMENT_3D ( 'NONE', #370, #2131, #1951 ) ;
#951 = EDGE_LOOP ( 'NONE', ( #900, #2511, #2022, #444, #1750, #1359 ) ) ;
#952 = ORIENTED_EDGE ( 'NONE', *, *, #1653, .T. ) ;
#953 = CARTESIAN_POINT ( 'NONE',  ( 27.00000000000000000, -9.999999999999994671, 28.00000000000000711 ) ) ;
#954 = CIRCLE ( 'NONE', #331, 5.783976858154793455 ) ;
#955 = ORIENTED_EDGE ( 'NONE', *, *, #2284, .T. ) ;
#956 = AXIS2_PLACEMENT_3D ( 'NONE', #1150, #2489, #2323 ) ;
#957 = DIRECTION ( 'NONE',  ( 2.775557561562891351E-16, 0.000000000000000000, -1.000000000000000000 ) ) ;
#958 = DIRECTION ( 'NONE',  ( 0.000000000000000000, 0.1586780953837554076, -0.9873303712766987594 ) ) ;
#959 = VECTOR ( 'NONE', #611, 1000.000000000000000 ) ;
#960 = EDGE_CURVE ( 'NONE', #586, #2334, #1103, .T. ) ;
#961 = ORIENTED_EDGE ( 'NONE', *, *, #2479, .F. ) ;
#962 = ORIENTED_EDGE ( 'NONE', *, *, #134, .F. ) ;
#963 = DIRECTION ( 'NONE',  ( -0.000000000000000000, 1.000000000000000000, -0.000000000000000000 ) ) ;
#964 = LINE ( 'NONE', #1152, #2051 ) ;
#965 = CARTESIAN_POINT ( 'NONE',  ( 75.00000000000001421, -10.00000000000000000, -44.00000000000000711 ) ) ;
#966 = CARTESIAN_POINT ( 'NONE',  ( -28.00000000000000000, 35.00000000000000000, -25.00000000000000000 ) ) ;
#967 = ORIENTED_EDGE ( 'NONE', *, *, #615, .T. ) ;
#968 = FACE_OUTER_BOUND ( 'NONE', #1933, .T. ) ;
#969 = CARTESIAN_POINT ( 'NONE',  ( 57.21602314184520566, 23.00000000000000000, -60.00000000000000711 ) ) ;
#970 = ORIENTED_EDGE ( 'NONE', *, *, #2337, .F. ) ;
#971 = EDGE_CURVE ( 'NONE', #289, #584, #1159, .T. ) ;
#972 = VERTEX_POINT ( 'NONE', #166 ) ;
#973 = LINE ( 'NONE', #1, #2041 ) ;
#974 = APPLICATION_CONTEXT ( 'automotive_design' ) ;
#975 = DIRECTION ( 'NONE',  ( -1.000000000000000000, 0.000000000000000000, 0.000000000000000000 ) ) ;
#976 = PRODUCT_RELATED_PRODUCT_CATEGORY ( 'part', '', ( #532 ) ) ;
#977 = LINE ( 'NONE', #1756, #635 ) ;
#978 = CARTESIAN_POINT ( 'NONE',  ( -57.00000000000000711, 0.000000000000000000, -23.99999999999999289 ) ) ;
#979 = AXIS2_PLACEMENT_3D ( 'NONE', #403, #175, #1960 ) ;
#980 = ORIENTED_EDGE ( 'NONE', *, *, #1457, .T. ) ;
#981 = CARTESIAN_POINT ( 'NONE',  ( 57.00000000000000711, 0.000000000000000000, -23.99999999999999289 ) ) ;
#982 = AXIS2_PLACEMENT_3D ( 'NONE', #1447, #1255, #231 ) ;
#983 = UNCERTAINTY_MEASURE_WITH_UNIT (LENGTH_MEASURE( 1.000000000000000082E-05 ), #182, 'distance_accuracy_value', 'NONE');
#984 = ORIENTED_EDGE ( 'NONE', *, *, #881, .F. ) ;
#985 = AXIS2_PLACEMENT_3D ( 'NONE', #704, #131, #2264 ) ;
#986 = VECTOR ( 'NONE', #2335, 1000.000000000000000 ) ;
#987 = DIRECTION ( 'NONE',  ( 0.000000000000000000, -1.000000000000000000, 0.000000000000000000 ) ) ;
#988 = CARTESIAN_POINT ( 'NONE',  ( 45.00000000000002842, -10.00000000000000000, 28.00000000000000711 ) ) ;
#989 = VECTOR ( 'NONE', #1090, 1000.000000000000000 ) ;
#990 = EDGE_CURVE ( 'NONE', #2133, #2483, #2538, .T. ) ;
#991 = EDGE_CURVE ( 'NONE', #1706, #1469, #571, .T. ) ;
#992 = DIRECTION ( 'NONE',  ( -0.000000000000000000, 1.000000000000000000, -0.000000000000000000 ) ) ;
#993 = AXIS2_PLACEMENT_3D ( 'NONE', #2158, #1964, #1775 ) ;
#994 = DIRECTION ( 'NONE',  ( -0.000000000000000000, 1.000000000000000000, -0.000000000000000000 ) ) ;
#995 = DIRECTION ( 'NONE',  ( 1.000000000000000000, -0.000000000000000000, 0.000000000000000000 ) ) ;
#996 = CARTESIAN_POINT ( 'NONE',  ( 45.00000000000002842, -10.00000000000000000, 28.00000000000000711 ) ) ;
#997 = CIRCLE ( 'NONE', #1193, 25.00000000000000000 ) ;
#998 = ORIENTED_EDGE ( 'NONE', *, *, #165, .F. ) ;
#999 = CARTESIAN_POINT ( 'NONE',  ( -33.00000000000000000, 35.00000000000000000, -25.00000000000000000 ) ) ;
#1000 = DIRECTION ( 'NONE',  ( 1.000000000000000000, 0.000000000000000000, 0.000000000000000000 ) ) ;
#1001 = DIRECTION ( 'NONE',  ( 0.000000000000000000, 1.000000000000000000, -0.000000000000000000 ) ) ;
#1002 = DIRECTION ( 'NONE',  ( 0.000000000000000000, 0.000000000000000000, 1.000000000000000000 ) ) ;
#1003 = CARTESIAN_POINT ( 'NONE',  ( 45.00000000000000000, 0.000000000000000000, -44.00000000000000711 ) ) ;
#1004 = EDGE_CURVE ( 'NONE', #605, #1706, #202, .T. ) ;
#1005 = EDGE_CURVE ( 'NONE', #2448, #563, #17, .T. ) ;
#1006 = ORIENTED_EDGE ( 'NONE', *, *, #2171, .T. ) ;
#1007 = DIRECTION ( 'NONE',  ( 0.000000000000000000, -0.9701425001453319874, 0.2425356250363329136 ) ) ;
#1008 = VERTEX_POINT ( 'NONE', #1178 ) ;
#1009 = CARTESIAN_POINT ( 'NONE',  ( 34.99864569382102530, 0.000000000000000000, -60.00000000000000000 ) ) ;
#1010 = LINE ( 'NONE', #1080, #1642 ) ;
#1011 = CARTESIAN_POINT ( 'NONE',  ( -45.00000000000000000, -66.00000000000000000, -10.00000000000000711 ) ) ;
#1012 = LINE ( 'NONE', #836, #208 ) ;
#1013 = ORIENTED_EDGE ( 'NONE', *, *, #1893, .T. ) ;
#1014 = EDGE_CURVE ( 'NONE', #661, #586, #2005, .T. ) ;
#1015 = CARTESIAN_POINT ( 'NONE',  ( -33.00000000000000000, 35.00000000000000000, -25.00000000000000000 ) ) ;
#1016 = LINE ( 'NONE', #2539, #2180 ) ;
#1017 = ORIENTED_EDGE ( 'NONE', *, *, #560, .T. ) ;
#1018 = EDGE_CURVE ( 'NONE', #1541, #150, #387, .T. ) ;
#1019 = ORIENTED_EDGE ( 'NONE', *, *, #266, .T. ) ;
#1020 = DIRECTION ( 'NONE',  ( -1.000000000000000000, 0.000000000000000000, -0.000000000000000000 ) ) ;
#1021 = CARTESIAN_POINT ( 'NONE',  ( -35.00000000000000000, 35.00000000000000000, -60.00000000000000711 ) ) ;
#1022 = DIRECTION ( 'NONE',  ( -1.000000000000000000, 0.000000000000000000, 0.000000000000000000 ) ) ;
#1023 = LINE ( 'NONE', #639, #1936 ) ;
#1024 = AXIS2_PLACEMENT_3D ( 'NONE', #1800, #2019, #1418 ) ;
#1025 = VECTOR ( 'NONE', #270, 1000.000000000000000 ) ;
#1026 = ORIENTED_EDGE ( 'NONE', *, *, #49, .T. ) ;
#1027 = PLANE ( 'NONE',  #325 ) ;
#1028 = ORIENTED_EDGE ( 'NONE', *, *, #180, .F. ) ;
#1029 = AXIS2_PLACEMENT_3D ( 'NONE', #713, #504, #514 ) ;
#1030 = AXIS2_PLACEMENT_3D ( 'NONE', #978, #188, #1155 ) ;
#1031 = ORIENTED_EDGE ( 'NONE', *, *, #1141, .F. ) ;
#1032 = CARTESIAN_POINT ( 'NONE',  ( 0.000000000000000000, -9.999999999999994671, 0.000000000000000000 ) ) ;
#1033 = VECTOR ( 'NONE', #600, 1000.000000000000000 ) ;
#1034 = EDGE_CURVE ( 'NONE', #563, #452, #1942, .T. ) ;
#1035 = ADVANCED_FACE ( 'NONE', ( #968 ), #1953, .F. ) ;
#1036 = DIRECTION ( 'NONE',  ( 0.000000000000000000, 0.000000000000000000, 1.000000000000000000 ) ) ;
#1037 = CARTESIAN_POINT ( 'NONE',  ( 0.000000000000000000, 0.000000000000000000, 0.000000000000000000 ) ) ;
#1038 = VECTOR ( 'NONE', #105, 1000.000000000000000 ) ;
#1039 = DIRECTION ( 'NONE',  ( 0.000000000000000000, 1.000000000000000000, 0.000000000000000000 ) ) ;
#1040 = FACE_OUTER_BOUND ( 'NONE', #359, .T. ) ;
#1041 = ORIENTED_EDGE ( 'NONE', *, *, #1998, .T. ) ;
#1042 = DIRECTION ( 'NONE',  ( 0.000000000000000000, 0.000000000000000000, 1.000000000000000000 ) ) ;
#1043 = VERTEX_POINT ( 'NONE', #2365 ) ;
#1044 = ORIENTED_EDGE ( 'NONE', *, *, #882, .F. ) ;
#1045 = DIRECTION ( 'NONE',  ( 2.775557561562891351E-16, -1.665334536937734811E-15, 1.000000000000000000 ) ) ;
#1046 = FACE_OUTER_BOUND ( 'NONE', #1335, .T. ) ;
#1047 = EDGE_CURVE ( 'NONE', #181, #1236, #1838, .T. ) ;
#1048 = DIRECTION ( 'NONE',  ( -0.000000000000000000, -1.000000000000000000, -0.000000000000000000 ) ) ;
#1049 = EDGE_CURVE ( 'NONE', #1679, #2486, #2136, .T. ) ;
#1050 = CARTESIAN_POINT ( 'NONE',  ( -45.00000000000000000, -66.00000000000000000, 9.999999999999992895 ) ) ;
#1051 = ORIENTED_EDGE ( 'NONE', *, *, #823, .T. ) ;
#1052 = CARTESIAN_POINT ( 'NONE',  ( -32.00000000000000000, -12.07106781186547551, 27.66714981595020362 ) ) ;
#1053 = ORIENTED_EDGE ( 'NONE', *, *, #1516, .F. ) ;
#1054 = ORIENTED_EDGE ( 'NONE', *, *, #761, .F. ) ;
#1055 = CARTESIAN_POINT ( 'NONE',  ( 28.00000000000000000, 0.000000000000000000, -22.00000000000000355 ) ) ;
#1056 = DIRECTION ( 'NONE',  ( 0.000000000000000000, 0.000000000000000000, -1.000000000000000000 ) ) ;
#1057 = CARTESIAN_POINT ( 'NONE',  ( 29.92893218813452805, -9.999999999999992895, 28.00000000000001066 ) ) ;
#1058 = CARTESIAN_POINT ( 'NONE',  ( 69.00000000000000000, 0.000000000000000000, -49.99999999999999289 ) ) ;
#1059 = DIRECTION ( 'NONE',  ( 0.000000000000000000, 0.000000000000000000, 1.000000000000000000 ) ) ;
#1060 = EDGE_CURVE ( 'NONE', #1649, #2502, #1977, .T. ) ;
#1061 = VERTEX_POINT ( 'NONE', #1736 ) ;
#1062 = CARTESIAN_POINT ( 'NONE',  ( -45.00000000000002132, -10.00000000000000000, -11.99999999999999289 ) ) ;
#1063 = AXIS2_PLACEMENT_3D ( 'NONE', #1361, #606, #1584 ) ;
#1064 = EDGE_LOOP ( 'NONE', ( #235, #513, #1661, #1844, #2118 ) ) ;
#1065 = VERTEX_POINT ( 'NONE', #234 ) ;
#1066 = CARTESIAN_POINT ( 'NONE',  ( 45.00000000000000000, -66.00000000000000000, -10.00000000000000711 ) ) ;
#1067 = VERTEX_POINT ( 'NONE', #1986 ) ;
#1068 = CARTESIAN_POINT ( 'NONE',  ( 25.00000000000000000, 0.000000000000000000, 0.000000000000000000 ) ) ;
#1069 = DIRECTION ( 'NONE',  ( 0.000000000000000000, 0.000000000000000000, -1.000000000000000000 ) ) ;
#1070 = CIRCLE ( 'NONE', #2520, 3.000000000000002665 ) ;
#1071 = LINE ( 'NONE', #1241, #1758 ) ;
#1072 = CARTESIAN_POINT ( 'NONE',  ( -42.00000000000000000, -66.00000000000000000, -19.00000000000000711 ) ) ;
#1073 = VERTEX_POINT ( 'NONE', #454 ) ;
#1074 = CARTESIAN_POINT ( 'NONE',  ( 29.00000000000000000, -66.00000000000000000, -10.00000000000000711 ) ) ;
#1075 = EDGE_CURVE ( 'NONE', #467, #928, #2423, .T. ) ;
#1076 = ADVANCED_FACE ( 'NONE', ( #864 ), #1027, .T. ) ;
#1077 = ORIENTED_EDGE ( 'NONE', *, *, #495, .T. ) ;
#1078 = VERTEX_POINT ( 'NONE', #1631 ) ;
#1079 = CYLINDRICAL_SURFACE ( 'NONE', #2548, 5.000000000000000888 ) ;
#1080 = CARTESIAN_POINT ( 'NONE',  ( -51.00000000000000000, 35.00000000000000000, -50.00000000000000000 ) ) ;
#1081 = ORIENTED_EDGE ( 'NONE', *, *, #77, .F. ) ;
#1082 = LINE ( 'NONE', #2288, #2353 ) ;
#1083 = DIRECTION ( 'NONE',  ( 0.000000000000000000, 0.000000000000000000, 1.000000000000000000 ) ) ;
#1084 = DIRECTION ( 'NONE',  ( 0.000000000000000000, 1.000000000000000000, 0.000000000000000000 ) ) ;
#1085 = CYLINDRICAL_SURFACE ( 'NONE', #2469, 5.783976858154793455 ) ;
#1086 = ORIENTED_EDGE ( 'NONE', *, *, #1929, .T. ) ;
#1087 = FACE_OUTER_BOUND ( 'NONE', #2104, .T. ) ;
#1088 = ORIENTED_EDGE ( 'NONE', *, *, #2079, .F. ) ;
#1089 = EDGE_CURVE ( 'NONE', #163, #592, #2402, .T. ) ;
#1090 = DIRECTION ( 'NONE',  ( -1.000000000000000000, 0.000000000000000000, 0.000000000000000000 ) ) ;
#1091 = CARTESIAN_POINT ( 'NONE',  ( 32.00000000000000000, 0.000000000000000000, -38.00000000000000711 ) ) ;
#1092 = ADVANCED_FACE ( 'NONE', ( #812 ), #656, .F. ) ;
#1093 = ORIENTED_EDGE ( 'NONE', *, *, #1125, .T. ) ;
#1094 = CARTESIAN_POINT ( 'NONE',  ( 0.000000000000000000, 35.00000000000000000, -25.00000000000000000 ) ) ;
#1095 = CARTESIAN_POINT ( 'NONE',  ( -45.00000000000000000, 0.000000000000000000, 0.000000000000000000 ) ) ;
#1096 = DIRECTION ( 'NONE',  ( -1.000000000000000000, -0.000000000000000000, -0.000000000000000000 ) ) ;
#1097 = DIRECTION ( 'NONE',  ( -0.000000000000000000, -0.000000000000000000, 1.000000000000000000 ) ) ;
#1098 = ORIENTED_EDGE ( 'NONE', *, *, #1201, .F. ) ;
#1099 = CARTESIAN_POINT ( 'NONE',  ( 1.959434878635764737E-15, 0.000000000000000000, 16.00000000000000000 ) ) ;
#1100 = VERTEX_POINT ( 'NONE', #1437 ) ;
#1101 = FACE_OUTER_BOUND ( 'NONE', #1683, .T. ) ;
#1102 = VECTOR ( 'NONE', #1650, 1000.000000000000000 ) ;
#1103 = CIRCLE ( 'NONE', #238, 11.99999999999999645 ) ;
#1104 = ORIENTED_EDGE ( 'NONE', *, *, #375, .T. ) ;
#1105 = CARTESIAN_POINT ( 'NONE',  ( -42.00000000000000000, -10.00000000000000000, -52.51941016011038244 ) ) ;
#1106 = DIRECTION ( 'NONE',  ( 0.000000000000000000, 0.000000000000000000, 1.000000000000000000 ) ) ;
#1107 = EDGE_CURVE ( 'NONE', #671, #1323, #2192, .T. ) ;
#1108 = EDGE_CURVE ( 'NONE', #289, #2450, #945, .T. ) ;
#1109 = VECTOR ( 'NONE', #2268, 1000.000000000000000 ) ;
#1110 = PLANE ( 'NONE',  #956 ) ;
#1111 = AXIS2_PLACEMENT_3D ( 'NONE', #2067, #2261, #304 ) ;
#1112 = DIRECTION ( 'NONE',  ( -1.000000000000000000, 0.000000000000000000, 0.000000000000000000 ) ) ;
#1113 = FACE_OUTER_BOUND ( 'NONE', #2521, .T. ) ;
#1114 = VECTOR ( 'NONE', #1937, 999.9999999999998863 ) ;
#1115 = VERTEX_POINT ( 'NONE', #1600 ) ;
#1116 = PLANE ( 'NONE',  #2007 ) ;
#1117 = CIRCLE ( 'NONE', #1230, 5.000000000000000888 ) ;
#1118 = ORIENTED_EDGE ( 'NONE', *, *, #2202, .F. ) ;
#1119 = DIRECTION ( 'NONE',  ( 1.000000000000000000, 0.000000000000000000, 0.000000000000000000 ) ) ;
#1120 = DIRECTION ( 'NONE',  ( 0.000000000000000000, 0.000000000000000000, 1.000000000000000000 ) ) ;
#1121 = ORIENTED_EDGE ( 'NONE', *, *, #375, .F. ) ;
#1122 = CARTESIAN_POINT ( 'NONE',  ( -42.00000000000000000, -66.00000000000000000, 18.99999999999999645 ) ) ;
#1123 = FACE_OUTER_BOUND ( 'NONE', #2239, .T. ) ;
#1124 = LINE ( 'NONE', #1903, #784 ) ;
#1125 = EDGE_CURVE ( 'NONE', #2486, #1236, #2011, .T. ) ;
#1126 = CARTESIAN_POINT ( 'NONE',  ( 69.00000000000000000, 0.000000000000000000, -44.00000000000000711 ) ) ;
#1127 = CARTESIAN_POINT ( 'NONE',  ( -51.00000000000000000, 35.00000000000000000, -50.00000000000000000 ) ) ;
#1128 = ORIENTED_EDGE ( 'NONE', *, *, #1546, .T. ) ;
#1129 = PLANE ( 'NONE',  #116 ) ;
#1130 = VERTEX_POINT ( 'NONE', #1806 ) ;
#1131 = DIRECTION ( 'NONE',  ( -1.000000000000000000, 0.000000000000000000, 0.000000000000000000 ) ) ;
#1132 = ORIENTED_EDGE ( 'NONE', *, *, #2429, .F. ) ;
#1133 = CARTESIAN_POINT ( 'NONE',  ( -45.00000000000000000, 0.000000000000000000, -37.00000000000000711 ) ) ;
#1134 = ORIENTED_EDGE ( 'NONE', *, *, #2016, .F. ) ;
#1135 = DIRECTION ( 'NONE',  ( -1.000000000000000000, 0.000000000000000000, 0.000000000000000000 ) ) ;
#1136 = DIRECTION ( 'NONE',  ( -0.000000000000000000, -0.000000000000000000, -1.000000000000000000 ) ) ;
#1137 = DIRECTION ( 'NONE',  ( 0.000000000000000000, 0.000000000000000000, -1.000000000000000000 ) ) ;
#1138 = ORIENTED_EDGE ( 'NONE', *, *, #991, .T. ) ;
#1139 = ORIENTED_EDGE ( 'NONE', *, *, #1607, .F. ) ;
#1140 = CARTESIAN_POINT ( 'NONE',  ( -32.00000000000000000, 0.000000000000000000, -34.99999999999999289 ) ) ;
#1141 = EDGE_CURVE ( 'NONE', #755, #2042, #1210, .T. ) ;
#1142 = EDGE_LOOP ( 'NONE', ( #1416, #1044 ) ) ;
#1143 = CIRCLE ( 'NONE', #25, 5.783976858154793455 ) ;
#1144 = CARTESIAN_POINT ( 'NONE',  ( 34.99864569382102530, -10.00000000000000000, -60.00000000000000000 ) ) ;
#1145 = LINE ( 'NONE', #2318, #538 ) ;
#1146 = ORIENTED_EDGE ( 'NONE', *, *, #597, .F. ) ;
#1147 = VECTOR ( 'NONE', #2196, 1000.000000000000000 ) ;
#1148 = CIRCLE ( 'NONE', #2250, 3.000000000000002665 ) ;
#1149 = VERTEX_POINT ( 'NONE', #1015 ) ;
#1150 = CARTESIAN_POINT ( 'NONE',  ( 32.00000000000000000, 0.000000000000000000, 0.000000000000000000 ) ) ;
#1151 = CARTESIAN_POINT ( 'NONE',  ( -34.99864569382103241, 0.000000000000000000, -34.99999999999999289 ) ) ;
#1152 = CARTESIAN_POINT ( 'NONE',  ( 0.000000000000000000, -9.999999999999994671, -52.51941016011038244 ) ) ;
#1153 = AXIS2_PLACEMENT_3D ( 'NONE', #759, #1407, #856 ) ;
#1154 = CARTESIAN_POINT ( 'NONE',  ( -29.00000000000000000, -66.00000000000000000, -6.938893903907228378E-15 ) ) ;
#1155 = DIRECTION ( 'NONE',  ( 0.000000000000000000, 0.000000000000000000, -1.000000000000000000 ) ) ;
#1156 = CIRCLE ( 'NONE', #1686, 5.783976858154793455 ) ;
#1157 = EDGE_LOOP ( 'NONE', ( #2010, #970, #1636, #2260 ) ) ;
#1158 = EDGE_CURVE ( 'NONE', #641, #2531, #466, .T. ) ;
#1159 = LINE ( 'NONE', #1783, #487 ) ;
#1160 = CARTESIAN_POINT ( 'NONE',  ( -42.00000000000000000, -10.00000000000000000, 28.00000000000000711 ) ) ;
#1161 = ORIENTED_EDGE ( 'NONE', *, *, #1272, .T. ) ;
#1162 = EDGE_CURVE ( 'NONE', #1649, #1379, #1148, .T. ) ;
#1163 = ORIENTED_EDGE ( 'NONE', *, *, #1158, .F. ) ;
#1164 = CARTESIAN_POINT ( 'NONE',  ( 34.99864569382103241, -10.00000000000000000, -34.99999999999999289 ) ) ;
#1165 = DIRECTION ( 'NONE',  ( -0.000000000000000000, 1.000000000000000000, 0.000000000000000000 ) ) ;
#1166 = CARTESIAN_POINT ( 'NONE',  ( -45.00000000000000000, 0.000000000000000000, -44.00000000000000711 ) ) ;
#1167 = CARTESIAN_POINT ( 'NONE',  ( -25.00000000000000000, 35.00000000000000000, 0.000000000000000000 ) ) ;
#1168 = ORIENTED_EDGE ( 'NONE', *, *, #2384, .F. ) ;
#1169 = LINE ( 'NONE', #2527, #2208 ) ;
#1170 = ORIENTED_EDGE ( 'NONE', *, *, #2160, .F. ) ;
#1171 = EDGE_CURVE ( 'NONE', #2486, #272, #1244, .T. ) ;
#1172 = ADVANCED_FACE ( 'NONE', ( #1995 ), #2023, .F. ) ;
#1173 = CARTESIAN_POINT ( 'NONE',  ( -68.78397685815478724, 23.00000000000002842, -60.00000000000000711 ) ) ;
#1174 = DIRECTION ( 'NONE',  ( -0.000000000000000000, -1.000000000000000000, -0.000000000000000000 ) ) ;
#1175 = ORIENTED_EDGE ( 'NONE', *, *, #91, .F. ) ;
#1176 = CARTESIAN_POINT ( 'NONE',  ( 45.00000000000000000, 35.00000000000000000, -37.00000000000000711 ) ) ;
#1177 = ORIENTED_EDGE ( 'NONE', *, *, #2409, .T. ) ;
#1178 = CARTESIAN_POINT ( 'NONE',  ( 45.00000000000002132, -10.00000000000000000, 6.938893903907228378E-15 ) ) ;
#1179 = CIRCLE ( 'NONE', #2501, 12.00000000000000000 ) ;
#1180 = VERTEX_POINT ( 'NONE', #259 ) ;
#1181 =( NAMED_UNIT ( * ) PLANE_ANGLE_UNIT ( ) SI_UNIT ( $, .RADIAN. ) );
#1182 = CIRCLE ( 'NONE', #486, 12.00000000000000000 ) ;
#1183 = CARTESIAN_POINT ( 'NONE',  ( 0.000000000000000000, 0.000000000000000000, 0.000000000000000000 ) ) ;
#1184 = EDGE_CURVE ( 'NONE', #2159, #533, #632, .T. ) ;
#1185 = EDGE_CURVE ( 'NONE', #2341, #1537, #239, .T. ) ;
#1186 = CARTESIAN_POINT ( 'NONE',  ( -75.00000000000001421, -10.00000000000000000, -60.00000000000000000 ) ) ;
#1187 = ORIENTED_EDGE ( 'NONE', *, *, #1857, .T. ) ;
#1188 = DIRECTION ( 'NONE',  ( 1.000000000000000000, 0.000000000000000000, 0.000000000000000000 ) ) ;
#1189 = VECTOR ( 'NONE', #534, 1000.000000000000000 ) ;
#1190 = ORIENTED_EDGE ( 'NONE', *, *, #1815, .F. ) ;
#1191 = CARTESIAN_POINT ( 'NONE',  ( -32.00000000000000000, -28.93660937409167389, -28.26584765647708508 ) ) ;
#1192 = AXIS2_PLACEMENT_3D ( 'NONE', #1346, #1597, #1618 ) ;
#1193 = AXIS2_PLACEMENT_3D ( 'NONE', #2534, #2361, #583 ) ;
#1194 = ORIENTED_EDGE ( 'NONE', *, *, #2190, .T. ) ;
#1195 = VECTOR ( 'NONE', #152, 1000.000000000000000 ) ;
#1196 = DIRECTION ( 'NONE',  ( -1.000000000000000000, 0.000000000000000000, -1.734723475976807094E-16 ) ) ;
#1197 = CARTESIAN_POINT ( 'NONE',  ( 27.00000000000000000, -10.00000000000000000, 28.00000000000000711 ) ) ;
#1198 = EDGE_CURVE ( 'NONE', #1473, #2055, #2200, .T. ) ;
#1199 = CARTESIAN_POINT ( 'NONE',  ( -29.00000000000000000, -66.00000000000000000, -6.938893903907228378E-15 ) ) ;
#1200 = DIRECTION ( 'NONE',  ( -1.000000000000000000, 0.000000000000000000, -0.000000000000000000 ) ) ;
#1201 = EDGE_CURVE ( 'NONE', #2230, #15, #838, .T. ) ;
#1202 = ORIENTED_EDGE ( 'NONE', *, *, #2119, .F. ) ;
#1203 = CARTESIAN_POINT ( 'NONE',  ( 45.00000000000002842, -10.00000000000000000, 28.00000000000000711 ) ) ;
#1204 = EDGE_LOOP ( 'NONE', ( #1997, #1675, #1818, #1666 ) ) ;
#1205 = ORIENTED_EDGE ( 'NONE', *, *, #265, .T. ) ;
#1206 = CARTESIAN_POINT ( 'NONE',  ( 29.00000000000000000, -66.00000000000000000, -6.938893903907228378E-15 ) ) ;
#1207 = CARTESIAN_POINT ( 'NONE',  ( -32.00000000000000000, -34.99999999999999289, -52.51941016011038244 ) ) ;
#1208 = LINE ( 'NONE', #2032, #1889 ) ;
#1209 = ORIENTED_EDGE ( 'NONE', *, *, #1004, .T. ) ;
#1210 = LINE ( 'NONE', #44, #1025 ) ;
#1211 = EDGE_CURVE ( 'NONE', #74, #1530, #1497, .T. ) ;
#1212 = EDGE_CURVE ( 'NONE', #671, #2508, #1467, .T. ) ;
#1213 = ORIENTED_EDGE ( 'NONE', *, *, #905, .T. ) ;
#1214 = ORIENTED_EDGE ( 'NONE', *, *, #747, .F. ) ;
#1215 = DIRECTION ( 'NONE',  ( 1.000000000000000000, -0.000000000000000000, -0.000000000000000000 ) ) ;
#1216 = DIRECTION ( 'NONE',  ( 0.000000000000000000, 0.000000000000000000, 1.000000000000000000 ) ) ;
#1217 = CARTESIAN_POINT ( 'NONE',  ( -45.00000000000000000, 35.00000000000000000, 0.000000000000000000 ) ) ;
#1218 = LINE ( 'NONE', #2198, #1974 ) ;
#1219 = VECTOR ( 'NONE', #1106, 1000.000000000000000 ) ;
#1220 = AXIS2_PLACEMENT_3D ( 'NONE', #595, #1380, #2167 ) ;
#1221 = ORIENTED_EDGE ( 'NONE', *, *, #1141, .T. ) ;
#1222 = CARTESIAN_POINT ( 'NONE',  ( -32.00000000000000000, -15.00000000000000000, 27.19642857142858006 ) ) ;
#1223 = ORIENTED_EDGE ( 'NONE', *, *, #1185, .T. ) ;
#1224 = ADVANCED_FACE ( 'NONE', ( #1466 ), #1116, .T. ) ;
#1225 = VECTOR ( 'NONE', #241, 1000.000000000000000 ) ;
#1226 = EDGE_LOOP ( 'NONE', ( #1525, #878, #88, #30, #1569 ) ) ;
#1227 = VECTOR ( 'NONE', #772, 1000.000000000000000 ) ;
#1228 = DIRECTION ( 'NONE',  ( -0.000000000000000000, -1.000000000000000000, 0.000000000000000000 ) ) ;
#1229 = DIRECTION ( 'NONE',  ( 0.000000000000000000, 1.000000000000000000, 0.000000000000000000 ) ) ;
#1230 = AXIS2_PLACEMENT_3D ( 'NONE', #733, #2277, #322 ) ;
#1231 = LINE ( 'NONE', #256, #1419 ) ;
#1232 = DIRECTION ( 'NONE',  ( -0.000000000000000000, -0.000000000000000000, 1.000000000000000000 ) ) ;
#1233 = ORIENTED_EDGE ( 'NONE', *, *, #2397, .F. ) ;
#1234 = DIRECTION ( 'NONE',  ( 0.000000000000000000, -0.9701425001453318764, 0.2425356250363328858 ) ) ;
#1235 = ORIENTED_EDGE ( 'NONE', *, *, #2544, .T. ) ;
#1236 = VERTEX_POINT ( 'NONE', #876 ) ;
#1237 = DIRECTION ( 'NONE',  ( -0.000000000000000000, 1.000000000000000000, -0.000000000000000000 ) ) ;
#1238 = LINE ( 'NONE', #1397, #848 ) ;
#1239 = EDGE_CURVE ( 'NONE', #1180, #2255, #1450, .T. ) ;
#1240 = EDGE_CURVE ( 'NONE', #1679, #181, #118, .T. ) ;
#1241 = CARTESIAN_POINT ( 'NONE',  ( 33.00000000000000000, 35.00000000000000000, -25.00000000000000000 ) ) ;
#1242 = DIRECTION ( 'NONE',  ( -0.000000000000000000, 1.000000000000000000, -0.000000000000000000 ) ) ;
#1243 = ORIENTED_EDGE ( 'NONE', *, *, #960, .T. ) ;
#1244 = LINE ( 'NONE', #1403, #2464 ) ;
#1245 = ORIENTED_EDGE ( 'NONE', *, *, #223, .F. ) ;
#1246 = ORIENTED_EDGE ( 'NONE', *, *, #1108, .T. ) ;
#1247 = DIRECTION ( 'NONE',  ( -0.000000000000000000, 1.000000000000000000, -0.000000000000000000 ) ) ;
#1248 = ORIENTED_EDGE ( 'NONE', *, *, #1956, .F. ) ;
#1249 = LINE ( 'NONE', #636, #453 ) ;
#1250 = PLANE ( 'NONE',  #569 ) ;
#1251 = ORIENTED_EDGE ( 'NONE', *, *, #183, .F. ) ;
#1252 = AXIS2_PLACEMENT_3D ( 'NONE', #2446, #628, #2419 ) ;
#1253 = EDGE_CURVE ( 'NONE', #2184, #2061, #1707, .T. ) ;
#1254 = EDGE_CURVE ( 'NONE', #1078, #1714, #509, .T. ) ;
#1255 = DIRECTION ( 'NONE',  ( 0.000000000000000000, 1.000000000000000000, 0.000000000000000000 ) ) ;
#1256 = ORIENTED_EDGE ( 'NONE', *, *, #560, .F. ) ;
#1257 = CIRCLE ( 'NONE', #29, 25.00000000000000000 ) ;
#1258 = CARTESIAN_POINT ( 'NONE',  ( 34.99864569382103241, 0.000000000000000000, -34.99999999999999289 ) ) ;
#1259 = VECTOR ( 'NONE', #957, 1000.000000000000000 ) ;
#1260 = ORIENTED_EDGE ( 'NONE', *, *, #1983, .F. ) ;
#1261 = ORIENTED_EDGE ( 'NONE', *, *, #1344, .F. ) ;
#1262 = DIRECTION ( 'NONE',  ( -1.000000000000000000, -0.000000000000000000, -0.000000000000000000 ) ) ;
#1263 = VECTOR ( 'NONE', #2146, 1000.000000000000000 ) ;
#1264 = VERTEX_POINT ( 'NONE', #1486 ) ;
#1265 = DIRECTION ( 'NONE',  ( 0.000000000000000000, -0.000000000000000000, 1.000000000000000000 ) ) ;
#1266 = LINE ( 'NONE', #686, #2002 ) ;
#1267 = CIRCLE ( 'NONE', #1430, 10.00000000000000000 ) ;
#1268 = ORIENTED_EDGE ( 'NONE', *, *, #16, .T. ) ;
#1269 = AXIS2_PLACEMENT_3D ( 'NONE', #307, #901, #1715 ) ;
#1270 = CARTESIAN_POINT ( 'NONE',  ( 42.00000000000000000, -66.00000000000000000, 18.99999999999999645 ) ) ;
#1271 = VECTOR ( 'NONE', #701, 1000.000000000000000 ) ;
#1272 = EDGE_CURVE ( 'NONE', #465, #289, #1660, .T. ) ;
#1273 = ORIENTED_EDGE ( 'NONE', *, *, #2379, .T. ) ;
#1274 = CARTESIAN_POINT ( 'NONE',  ( 69.00000000000000000, -10.00000000000000000, -49.99999999999999289 ) ) ;
#1275 = ADVANCED_FACE ( 'NONE', ( #2466, #1288 ), #2062, .F. ) ;
#1276 = EDGE_CURVE ( 'NONE', #2334, #2415, #1696, .T. ) ;
#1277 = EDGE_LOOP ( 'NONE', ( #1121, #962, #2524, #1975 ) ) ;
#1278 = CARTESIAN_POINT ( 'NONE',  ( -57.00000000000002132, 0.000000000000000000, -11.99999999999999467 ) ) ;
#1279 = CYLINDRICAL_SURFACE ( 'NONE', #451, 25.00000000000000000 ) ;
#1280 = ORIENTED_EDGE ( 'NONE', *, *, #1240, .T. ) ;
#1281 = LINE ( 'NONE', #1531, #690 ) ;
#1282 = FACE_OUTER_BOUND ( 'NONE', #2080, .T. ) ;
#1283 = ORIENTED_EDGE ( 'NONE', *, *, #542, .F. ) ;
#1284 = DIRECTION ( 'NONE',  ( 0.000000000000000000, 0.000000000000000000, 1.000000000000000000 ) ) ;
#1285 = PLANE ( 'NONE',  #1459 ) ;
#1286 = DIRECTION ( 'NONE',  ( 1.000000000000000000, 0.000000000000000000, 0.000000000000000000 ) ) ;
#1287 = ORIENTED_EDGE ( 'NONE', *, *, #1429, .T. ) ;
#1288 = FACE_OUTER_BOUND ( 'NONE', #456, .T. ) ;
#1289 = ORIENTED_EDGE ( 'NONE', *, *, #2016, .T. ) ;
#1290 = EDGE_CURVE ( 'NONE', #1008, #661, #719, .T. ) ;
#1291 = ADVANCED_FACE ( 'NONE', ( #2073 ), #2105, .T. ) ;
#1292 = DIRECTION ( 'NONE',  ( -0.000000000000000000, -0.000000000000000000, 1.000000000000000000 ) ) ;
#1293 = CARTESIAN_POINT ( 'NONE',  ( -45.00000000000002842, -10.00000000000000000, 28.00000000000000711 ) ) ;
#1294 = ORIENTED_EDGE ( 'NONE', *, *, #2047, .T. ) ;
#1295 = FACE_OUTER_BOUND ( 'NONE', #1577, .T. ) ;
#1296 = DIRECTION ( 'NONE',  ( 0.000000000000000000, 0.000000000000000000, -1.000000000000000000 ) ) ;
#1297 = DIRECTION ( 'NONE',  ( -0.000000000000000000, -1.000000000000000000, -0.000000000000000000 ) ) ;
#1298 = DIRECTION ( 'NONE',  ( 0.000000000000000000, 0.000000000000000000, -1.000000000000000000 ) ) ;
#1299 = VECTOR ( 'NONE', #219, 1000.000000000000000 ) ;
#1300 = FACE_OUTER_BOUND ( 'NONE', #852, .T. ) ;
#1301 = ORIENTED_EDGE ( 'NONE', *, *, #1633, .F. ) ;
#1302 = CARTESIAN_POINT ( 'NONE',  ( 0.000000000000000000, 0.000000000000000000, -25.00000000000000000 ) ) ;
#1303 = AXIS2_PLACEMENT_3D ( 'NONE', #567, #2128, #1957 ) ;
#1304 = AXIS2_PLACEMENT_3D ( 'NONE', #1787, #1535, #2324 ) ;
#1305 = ORIENTED_EDGE ( 'NONE', *, *, #1239, .T. ) ;
#1306 = DIRECTION ( 'NONE',  ( 1.000000000000000000, -0.000000000000000000, 0.000000000000000000 ) ) ;
#1307 = STYLED_ITEM ( 'NONE', ( #1322 ), #844 ) ;
#1308 = ADVANCED_FACE ( 'NONE', ( #1087 ), #1129, .T. ) ;
#1309 = CIRCLE ( 'NONE', #1678, 19.00000000000000000 ) ;
#1310 = ORIENTED_EDGE ( 'NONE', *, *, #990, .F. ) ;
#1311 = PLANE ( 'NONE',  #1682 ) ;
#1312 = CARTESIAN_POINT ( 'NONE',  ( -34.99864569382103241, -10.00000000000000000, -34.99999999999999289 ) ) ;
#1313 = CYLINDRICAL_SURFACE ( 'NONE', #3, 19.00000000000000000 ) ;
#1314 = CARTESIAN_POINT ( 'NONE',  ( -63.00000000000000000, 23.00000000000002842, -50.00000000000000000 ) ) ;
#1315 = DIRECTION ( 'NONE',  ( 0.000000000000000000, -1.000000000000000000, 0.000000000000000000 ) ) ;
#1316 = VECTOR ( 'NONE', #2037, 1000.000000000000114 ) ;
#1317 = ORIENTED_EDGE ( 'NONE', *, *, #317, .T. ) ;
#1318 = ORIENTED_EDGE ( 'NONE', *, *, #2266, .F. ) ;
#1319 = DIRECTION ( 'NONE',  ( 1.000000000000000000, -0.000000000000000000, 0.000000000000000000 ) ) ;
#1320 = CIRCLE ( 'NONE', #1808, 5.783976858154793455 ) ;
#1321 = ORIENTED_EDGE ( 'NONE', *, *, #906, .F. ) ;
#1322 = PRESENTATION_STYLE_ASSIGNMENT (( #1470 ) ) ;
#1323 = VERTEX_POINT ( 'NONE', #1099 ) ;
#1324 = CARTESIAN_POINT ( 'NONE',  ( -34.99864569382102530, 0.000000000000000000, -60.00000000000000000 ) ) ;
#1325 = LINE ( 'NONE', #349, #1556 ) ;
#1326 = ORIENTED_EDGE ( 'NONE', *, *, #1983, .T. ) ;
#1327 = DIRECTION ( 'NONE',  ( 0.000000000000000000, 1.000000000000000000, -0.000000000000000000 ) ) ;
#1328 = DIRECTION ( 'NONE',  ( 0.000000000000000000, 0.000000000000000000, 1.000000000000000000 ) ) ;
#1329 = ADVANCED_FACE ( 'NONE', ( #678 ), #1720, .F. ) ;
#1330 = EDGE_CURVE ( 'NONE', #1749, #1897, #2049, .T. ) ;
#1331 = FACE_OUTER_BOUND ( 'NONE', #80, .T. ) ;
#1332 = ORIENTED_EDGE ( 'NONE', *, *, #2171, .F. ) ;
#1333 = ORIENTED_EDGE ( 'NONE', *, *, #1971, .F. ) ;
#1334 = DIRECTION ( 'NONE',  ( 0.000000000000000000, 0.000000000000000000, 1.000000000000000000 ) ) ;
#1335 = EDGE_LOOP ( 'NONE', ( #565, #1520, #2066, #442 ) ) ;
#1336 = CARTESIAN_POINT ( 'NONE',  ( -29.00000000000000000, -66.00000000000000000, -19.00000000000000711 ) ) ;
#1337 = DIRECTION ( 'NONE',  ( 0.000000000000000000, -0.1586780953837554076, 0.9873303712766987594 ) ) ;
#1338 = ORIENTED_EDGE ( 'NONE', *, *, #2246, .F. ) ;
#1339 = ORIENTED_EDGE ( 'NONE', *, *, #2480, .F. ) ;
#1340 = PLANE ( 'NONE',  #1602 ) ;
#1341 = DIRECTION ( 'NONE',  ( -1.000000000000000000, -0.000000000000000000, -0.000000000000000000 ) ) ;
#1342 = CARTESIAN_POINT ( 'NONE',  ( -63.00000000000000000, 23.00000000000002842, -60.00000000000000711 ) ) ;
#1343 = EDGE_CURVE ( 'NONE', #1955, #2088, #1855, .T. ) ;
#1344 = EDGE_CURVE ( 'NONE', #2529, #1473, #1881, .T. ) ;
#1345 = VERTEX_POINT ( 'NONE', #1176 ) ;
#1346 = CARTESIAN_POINT ( 'NONE',  ( 57.00000000000002132, -10.00000000000000000, 5.204170427930421283E-15 ) ) ;
#1347 = CIRCLE ( 'NONE', #890, 2.999999999999999112 ) ;
#1348 = VECTOR ( 'NONE', #475, 1000.000000000000000 ) ;
#1349 = DIRECTION ( 'NONE',  ( 0.000000000000000000, 0.000000000000000000, -1.000000000000000000 ) ) ;
#1350 = VERTEX_POINT ( 'NONE', #1167 ) ;
#1351 = ORIENTED_EDGE ( 'NONE', *, *, #2357, .T. ) ;
#1352 = DIRECTION ( 'NONE',  ( 1.000000000000000000, -0.000000000000000000, -0.000000000000000000 ) ) ;
#1353 = CARTESIAN_POINT ( 'NONE',  ( -28.00000000000000000, 35.00000000000000000, -22.00000000000000355 ) ) ;
#1354 = VECTOR ( 'NONE', #1901, 1000.000000000000000 ) ;
#1355 = VECTOR ( 'NONE', #2536, 1000.000000000000000 ) ;
#1356 = DIRECTION ( 'NONE',  ( 0.000000000000000000, -1.000000000000000000, 0.000000000000000000 ) ) ;
#1357 = CARTESIAN_POINT ( 'NONE',  ( -35.00000000000000000, 0.000000000000000000, -38.00000000000000711 ) ) ;
#1358 = VECTOR ( 'NONE', #174, 1000.000000000000000 ) ;
#1359 = ORIENTED_EDGE ( 'NONE', *, *, #2480, .T. ) ;
#1360 = CIRCLE ( 'NONE', #580, 5.783976858154793455 ) ;
#1361 = CARTESIAN_POINT ( 'NONE',  ( 51.00000000000000000, 0.000000000000000000, -44.00000000000000711 ) ) ;
#1362 = EDGE_CURVE ( 'NONE', #386, #467, #858, .T. ) ;
#1363 = VECTOR ( 'NONE', #2231, 1000.000000000000000 ) ;
#1364 = ORIENTED_EDGE ( 'NONE', *, *, #1532, .F. ) ;
#1365 =( BOUNDED_CURVE ( )  B_SPLINE_CURVE ( 3, ( #264, #1057, #857, #472 ),
 .UNSPECIFIED., .F., .F. ) 
 B_SPLINE_CURVE_WITH_KNOTS ( ( 4, 4 ),
 ( 0.000000000000000000, 1.570796326794897224 ),
 .UNSPECIFIED. ) 
 CURVE ( )  GEOMETRIC_REPRESENTATION_ITEM ( )  RATIONAL_B_SPLINE_CURVE ( ( 1.000000000000000000, 0.8047378541243649375, 0.8047378541243649375, 1.000000000000000000 ) ) 
 REPRESENTATION_ITEM ( '' )  );
#1366 = DIRECTION ( 'NONE',  ( 0.000000000000000000, 0.000000000000000000, -1.000000000000000000 ) ) ;
#1367 = DIRECTION ( 'NONE',  ( 1.000000000000000000, 0.000000000000000000, -0.000000000000000000 ) ) ;
#1368 = DIRECTION ( 'NONE',  ( -1.000000000000000000, 0.000000000000000000, 0.000000000000000000 ) ) ;
#1369 = CYLINDRICAL_SURFACE ( 'NONE', #329, 25.00000000000000000 ) ;
#1370 = ORIENTED_EDGE ( 'NONE', *, *, #1290, .T. ) ;
#1371 = DIRECTION ( 'NONE',  ( 0.000000000000000000, 0.000000000000000000, -1.000000000000000000 ) ) ;
#1372 = EDGE_CURVE ( 'NONE', #2354, #592, #1573, .T. ) ;
#1373 = EDGE_CURVE ( 'NONE', #2443, #1955, #1549, .T. ) ;
#1374 = ORIENTED_EDGE ( 'NONE', *, *, #1254, .T. ) ;
#1375 = CARTESIAN_POINT ( 'NONE',  ( -29.00000000000000000, -66.00000000000000000, -6.938893903907228378E-15 ) ) ;
#1376 = LINE ( 'NONE', #2506, #413 ) ;
#1377 = DIRECTION ( 'NONE',  ( 0.000000000000000000, 0.000000000000000000, 1.000000000000000000 ) ) ;
#1378 = DIRECTION ( 'NONE',  ( -1.000000000000000000, 0.000000000000000000, 0.000000000000000000 ) ) ;
#1379 = VERTEX_POINT ( 'NONE', #1140 ) ;
#1380 = DIRECTION ( 'NONE',  ( 1.000000000000000000, -0.000000000000000000, -0.000000000000000000 ) ) ;
#1381 = VECTOR ( 'NONE', #2030, 1000.000000000000000 ) ;
#1382 = ORIENTED_EDGE ( 'NONE', *, *, #1201, .T. ) ;
#1383 = CARTESIAN_POINT ( 'NONE',  ( 0.000000000000000000, 0.000000000000000000, 0.000000000000000000 ) ) ;
#1384 = EDGE_CURVE ( 'NONE', #1897, #706, #2513, .T. ) ;
#1385 = VECTOR ( 'NONE', #32, 1000.000000000000000 ) ;
#1386 = CARTESIAN_POINT ( 'NONE',  ( 0.000000000000000000, -9.999999999999994671, 0.000000000000000000 ) ) ;
#1387 = CARTESIAN_POINT ( 'NONE',  ( -45.00000000000000000, 35.00000000000000000, -37.00000000000000711 ) ) ;
#1388 = EDGE_CURVE ( 'NONE', #533, #661, #2352, .T. ) ;
#1389 = FACE_OUTER_BOUND ( 'NONE', #1446, .T. ) ;
#1390 = CARTESIAN_POINT ( 'NONE',  ( 0.000000000000000000, 35.00000000000000000, -25.00000000000000000 ) ) ;
#1391 = VECTOR ( 'NONE', #994, 1000.000000000000000 ) ;
#1392 = CARTESIAN_POINT ( 'NONE',  ( -32.00000000000000000, 0.000000000000000000, -38.00000000000000711 ) ) ;
#1393 = VECTOR ( 'NONE', #1242, 1000.000000000000000 ) ;
#1394 = VECTOR ( 'NONE', #1513, 1000.000000000000000 ) ;
#1395 = ORIENTED_EDGE ( 'NONE', *, *, #429, .T. ) ;
#1396 = ORIENTED_EDGE ( 'NONE', *, *, #674, .T. ) ;
#1397 = CARTESIAN_POINT ( 'NONE',  ( -35.00000000000000000, 0.000000000000000000, 0.000000000000000000 ) ) ;
#1398 = CARTESIAN_POINT ( 'NONE',  ( 42.00000000000000000, -65.99999999999998579, -19.00000000000000711 ) ) ;
#1399 = EDGE_CURVE ( 'NONE', #646, #1630, #205, .T. ) ;
#1400 = DIRECTION ( 'NONE',  ( 1.000000000000000000, -0.000000000000000000, -0.000000000000000000 ) ) ;
#1401 = DIRECTION ( 'NONE',  ( -0.000000000000000000, -1.000000000000000000, -0.000000000000000000 ) ) ;
#1402 = ORIENTED_EDGE ( 'NONE', *, *, #971, .F. ) ;
#1403 = CARTESIAN_POINT ( 'NONE',  ( -42.00000000000000000, -66.00000000000000000, 18.99999999999999645 ) ) ;
#1404 = VERTEX_POINT ( 'NONE', #777 ) ;
#1405 = ORIENTED_EDGE ( 'NONE', *, *, #1158, .T. ) ;
#1406 = CARTESIAN_POINT ( 'NONE',  ( -34.99864569382103241, -10.00000000000000000, -34.99999999999999289 ) ) ;
#1407 = DIRECTION ( 'NONE',  ( 0.000000000000000000, -1.000000000000000000, 0.000000000000000000 ) ) ;
#1408 = CARTESIAN_POINT ( 'NONE',  ( -57.00000000000000711, -10.00000000000000000, -23.99999999999999289 ) ) ;
#1409 = CARTESIAN_POINT ( 'NONE',  ( -45.00000000000002842, -10.00000000000000000, 28.00000000000000711 ) ) ;
#1410 = DIRECTION ( 'NONE',  ( 0.000000000000000000, 0.000000000000000000, -1.000000000000000000 ) ) ;
#1411 = EDGE_CURVE ( 'NONE', #2454, #779, #577, .T. ) ;
#1412 = EDGE_LOOP ( 'NONE', ( #1326, #1622 ) ) ;
#1413 = DIRECTION ( 'NONE',  ( -0.000000000000000000, 1.000000000000000000, -0.000000000000000000 ) ) ;
#1414 = ORIENTED_EDGE ( 'NONE', *, *, #1924, .F. ) ;
#1415 = CLOSED_SHELL ( 'NONE', ( #940, #2325, #1723, #281, #2269, #557, #748, #1724, #460, #111, #801, #459, #2530, #354, #1427, #2385, #1172, #2233, #2398, #2149, #1652, #1752, #1224, #2442, #428, #2516, #1329, #2326, #630, #1515, #1670, #573, #2356, #255, #78, #130, #1632, #1814, #587, #1772, #543, #868, #818, #443, #389, #1648, #477, #774, #689, #417, #1291, #1076, #1839, #2302, #6, #2114, #1498, #1483, #2017, #598, #1308, #2046, #1793, #2187, #1035, #1543, #1619, #35, #614, #822, #2117, #1092, #34, #1945, #2201, #708, #1275, #722, #2132, #1944 ) ) ;
#1416 = ORIENTED_EDGE ( 'NONE', *, *, #1384, .F. ) ;
#1417 = DIRECTION ( 'NONE',  ( -1.000000000000000000, 0.000000000000000000, 0.000000000000000000 ) ) ;
#1418 = DIRECTION ( 'NONE',  ( 0.000000000000000000, 0.000000000000000000, 1.000000000000000000 ) ) ;
#1419 = VECTOR ( 'NONE', #1048, 1000.000000000000000 ) ;
#1420 = DIRECTION ( 'NONE',  ( 1.000000000000000000, -0.000000000000000000, 0.000000000000000000 ) ) ;
#1421 = CARTESIAN_POINT ( 'NONE',  ( -34.99864569382103241, 0.000000000000000000, -34.99999999999999289 ) ) ;
#1422 = AXIS2_PLACEMENT_3D ( 'NONE', #1567, #2355, #1371 ) ;
#1423 = VERTEX_POINT ( 'NONE', #966 ) ;
#1424 = DIRECTION ( 'NONE',  ( -1.000000000000000000, 0.000000000000000000, 0.000000000000000000 ) ) ;
#1425 = EDGE_LOOP ( 'NONE', ( #153, #496, #1053, #1451 ) ) ;
#1426 = VECTOR ( 'NONE', #696, 1000.000000000000000 ) ;
#1427 = ADVANCED_FACE ( 'NONE', ( #1770 ), #1369, .T. ) ;
#1428 = ORIENTED_EDGE ( 'NONE', *, *, #95, .F. ) ;
#1429 = EDGE_CURVE ( 'NONE', #2531, #972, #2156, .T. ) ;
#1430 = AXIS2_PLACEMENT_3D ( 'NONE', #1949, #353, #1571 ) ;
#1431 = CARTESIAN_POINT ( 'NONE',  ( 0.000000000000000000, 0.000000000000000000, 0.000000000000000000 ) ) ;
#1432 = DIRECTION ( 'NONE',  ( -1.000000000000000000, 0.000000000000000000, 0.000000000000000000 ) ) ;
#1433 = CIRCLE ( 'NONE', #2100, 10.00000000000000000 ) ;
#1434 = DIRECTION ( 'NONE',  ( 0.000000000000000000, 1.000000000000000000, 0.000000000000000000 ) ) ;
#1435 = FACE_BOUND ( 'NONE', #1412, .T. ) ;
#1436 = EDGE_LOOP ( 'NONE', ( #2426, #1588, #1583, #847 ) ) ;
#1437 = CARTESIAN_POINT ( 'NONE',  ( 32.00000000000000000, 0.000000000000000000, -34.99999999999999289 ) ) ;
#1438 = ORIENTED_EDGE ( 'NONE', *, *, #476, .T. ) ;
#1439 = ORIENTED_EDGE ( 'NONE', *, *, #1442, .T. ) ;
#1440 = CARTESIAN_POINT ( 'NONE',  ( -42.00000000000000000, -66.00000000000000000, -19.00000000000000711 ) ) ;
#1441 = EDGE_CURVE ( 'NONE', #1458, #1947, #1940, .T. ) ;
#1442 = EDGE_CURVE ( 'NONE', #779, #2529, #1598, .T. ) ;
#1443 = ORIENTED_EDGE ( 'NONE', *, *, #574, .T. ) ;
#1444 = CARTESIAN_POINT ( 'NONE',  ( -32.00000000000000000, -15.00000000000000000, 27.19642857142858006 ) ) ;
#1445 = DIRECTION ( 'NONE',  ( -0.000000000000000000, 1.000000000000000000, -0.000000000000000000 ) ) ;
#1446 = EDGE_LOOP ( 'NONE', ( #1702, #2120, #2394, #666 ) ) ;
#1447 = CARTESIAN_POINT ( 'NONE',  ( 0.000000000000000000, -9.999999999999994671, 0.000000000000000000 ) ) ;
#1448 = FACE_OUTER_BOUND ( 'NONE', #420, .T. ) ;
#1449 = ORIENTED_EDGE ( 'NONE', *, *, #1184, .T. ) ;
#1450 = LINE ( 'NONE', #2482, #687 ) ;
#1451 = ORIENTED_EDGE ( 'NONE', *, *, #574, .F. ) ;
#1452 = VERTEX_POINT ( 'NONE', #1538 ) ;
#1453 = FACE_OUTER_BOUND ( 'NONE', #66, .T. ) ;
#1454 = ORIENTED_EDGE ( 'NONE', *, *, #1753, .T. ) ;
#1455 = FACE_OUTER_BOUND ( 'NONE', #1694, .T. ) ;
#1456 = CARTESIAN_POINT ( 'NONE',  ( -57.00000000000002132, 0.000000000000000000, -11.99999999999999467 ) ) ;
#1457 = EDGE_CURVE ( 'NONE', #2151, #1180, #1746, .T. ) ;
#1458 = VERTEX_POINT ( 'NONE', #593 ) ;
#1459 = AXIS2_PLACEMENT_3D ( 'NONE', #2070, #143, #114 ) ;
#1460 = CARTESIAN_POINT ( 'NONE',  ( 29.00000000000000000, -66.00000000000000000, -6.938893903907228378E-15 ) ) ;
#1461 = EDGE_CURVE ( 'NONE', #1886, #2359, #2329, .T. ) ;
#1462 = DIRECTION ( 'NONE',  ( 0.000000000000000000, 0.000000000000000000, 1.000000000000000000 ) ) ;
#1463 = VECTOR ( 'NONE', #1765, 1000.000000000000000 ) ;
#1464 = ORIENTED_EDGE ( 'NONE', *, *, #60, .T. ) ;
#1465 = AXIS2_PLACEMENT_3D ( 'NONE', #637, #626, #612 ) ;
#1466 = FACE_OUTER_BOUND ( 'NONE', #378, .T. ) ;
#1467 = CIRCLE ( 'NONE', #2509, 16.00000000000000000 ) ;
#1468 = ORIENTED_EDGE ( 'NONE', *, *, #18, .F. ) ;
#1469 = VERTEX_POINT ( 'NONE', #1003 ) ;
#1470 = SURFACE_STYLE_USAGE ( .BOTH. , #879 ) ;
#1471 = CARTESIAN_POINT ( 'NONE',  ( 75.00000000000001421, -10.00000000000000000, -60.00000000000000000 ) ) ;
#1472 = AXIS2_PLACEMENT_3D ( 'NONE', #2003, #1228, #1655 ) ;
#1473 = VERTEX_POINT ( 'NONE', #765 ) ;
#1474 = LINE ( 'NONE', #2455, #1804 ) ;
#1475 = CARTESIAN_POINT ( 'NONE',  ( -25.00000000000000000, 0.000000000000000000, 0.000000000000000000 ) ) ;
#1476 = VECTOR ( 'NONE', #1247, 1000.000000000000000 ) ;
#1477 = ORIENTED_EDGE ( 'NONE', *, *, #416, .F. ) ;
#1478 = AXIS2_PLACEMENT_3D ( 'NONE', #1055, #1969, #1832 ) ;
#1479 = DIRECTION ( 'NONE',  ( 0.000000000000000000, 0.000000000000000000, 1.000000000000000000 ) ) ;
#1480 = CARTESIAN_POINT ( 'NONE',  ( 25.00000000000000000, 0.000000000000000000, 0.000000000000000000 ) ) ;
#1481 = CARTESIAN_POINT ( 'NONE',  ( 63.00000000000000000, 23.00000000000000000, -50.00000000000000000 ) ) ;
#1482 = CIRCLE ( 'NONE', #1029, 5.999999999999998224 ) ;
#1483 = ADVANCED_FACE ( 'NONE', ( #2510 ), #737, .F. ) ;
#1484 = EDGE_CURVE ( 'NONE', #1130, #386, #550, .T. ) ;
#1485 = ORIENTED_EDGE ( 'NONE', *, *, #20, .T. ) ;
#1486 = CARTESIAN_POINT ( 'NONE',  ( -28.00000000000000000, 0.000000000000000000, -25.00000000000000000 ) ) ;
#1487 = VERTEX_POINT ( 'NONE', #2525 ) ;
#1488 = CARTESIAN_POINT ( 'NONE',  ( 32.00000000000000000, -4.638483058750396459, 28.86167236555798254 ) ) ;
#1489 = DIRECTION ( 'NONE',  ( 0.000000000000000000, 0.000000000000000000, 1.000000000000000000 ) ) ;
#1490 = ORIENTED_EDGE ( 'NONE', *, *, #1276, .T. ) ;
#1491 = CARTESIAN_POINT ( 'NONE',  ( -69.00000000000000000, -10.00000000000000000, -44.00000000000000711 ) ) ;
#1492 = CARTESIAN_POINT ( 'NONE',  ( -34.99864569382103241, -10.00000000000000000, -34.99999999999999289 ) ) ;
#1493 = CARTESIAN_POINT ( 'NONE',  ( 57.00000000000002132, -10.00000000000000000, -11.99999999999999467 ) ) ;
#1494 = DIRECTION ( 'NONE',  ( 1.000000000000000000, 0.000000000000000000, 0.000000000000000000 ) ) ;
#1495 = DIRECTION ( 'NONE',  ( 0.000000000000000000, 1.000000000000000000, -0.000000000000000000 ) ) ;
#1496 = ORIENTED_EDGE ( 'NONE', *, *, #2367, .T. ) ;
#1497 = LINE ( 'NONE', #147, #2297 ) ;
#1498 = ADVANCED_FACE ( 'NONE', ( #2121 ), #562, .F. ) ;
#1499 = ORIENTED_EDGE ( 'NONE', *, *, #1212, .T. ) ;
#1500 = EDGE_CURVE ( 'NONE', #452, #272, #782, .T. ) ;
#1501 = DIRECTION ( 'NONE',  ( 0.000000000000000000, 0.000000000000000000, 1.000000000000000000 ) ) ;
#1502 = ORIENTED_EDGE ( 'NONE', *, *, #2441, .F. ) ;
#1503 = DIRECTION ( 'NONE',  ( -1.000000000000000000, 0.000000000000000000, -0.000000000000000000 ) ) ;
#1504 = FACE_OUTER_BOUND ( 'NONE', #1589, .T. ) ;
#1505 = ORIENTED_EDGE ( 'NONE', *, *, #1984, .F. ) ;
#1506 = DIRECTION ( 'NONE',  ( 0.000000000000000000, 0.000000000000000000, -1.000000000000000000 ) ) ;
#1507 = DIRECTION ( 'NONE',  ( 1.000000000000000000, 0.000000000000000000, 0.000000000000000000 ) ) ;
#1508 = DIRECTION ( 'NONE',  ( 0.000000000000000000, -1.000000000000000000, 0.000000000000000000 ) ) ;
#1509 = ORIENTED_EDGE ( 'NONE', *, *, #286, .F. ) ;
#1510 = CARTESIAN_POINT ( 'NONE',  ( 45.00000000000002132, 0.000000000000000000, 7.285838599102589797E-15 ) ) ;
#1511 = AXIS2_PLACEMENT_3D ( 'NONE', #2262, #1851, #2111 ) ;
#1512 = EDGE_LOOP ( 'NONE', ( #549, #1952 ) ) ;
#1513 = DIRECTION ( 'NONE',  ( 0.000000000000000000, 0.000000000000000000, -1.000000000000000000 ) ) ;
#1514 = VECTOR ( 'NONE', #1761, 1000.000000000000000 ) ;
#1515 = ADVANCED_FACE ( 'NONE', ( #2421 ), #797, .F. ) ;
#1516 = EDGE_CURVE ( 'NONE', #163, #2377, #14, .T. ) ;
#1517 = ORIENTED_EDGE ( 'NONE', *, *, #937, .F. ) ;
#1518 = DIRECTION ( 'NONE',  ( 0.000000000000000000, 0.000000000000000000, -1.000000000000000000 ) ) ;
#1519 = CARTESIAN_POINT ( 'NONE',  ( -68.78397685815478724, 23.00000000000002842, -50.00000000000000000 ) ) ;
#1520 = ORIENTED_EDGE ( 'NONE', *, *, #1372, .F. ) ;
#1521 = CARTESIAN_POINT ( 'NONE',  ( 68.78397685815478724, 23.00000000000000000, -50.00000000000000000 ) ) ;
#1522 = CARTESIAN_POINT ( 'NONE',  ( 33.00000000000000000, 35.00000000000000000, -37.00000000000000711 ) ) ;
#1523 = CARTESIAN_POINT ( 'NONE',  ( -51.00000000000000000, 35.00000000000000000, -44.00000000000000711 ) ) ;
#1524 = CIRCLE ( 'NONE', #1848, 10.00000000000000000 ) ;
#1525 = ORIENTED_EDGE ( 'NONE', *, *, #1049, .T. ) ;
#1526 = CARTESIAN_POINT ( 'NONE',  ( -57.00000000000002132, -10.00000000000000000, 5.204170427930419706E-15 ) ) ;
#1527 = AXIS2_PLACEMENT_3D ( 'NONE', #1710, #1337, #361 ) ;
#1528 = ORIENTED_EDGE ( 'NONE', *, *, #300, .F. ) ;
#1529 = LINE ( 'NONE', #553, #1195 ) ;
#1530 = VERTEX_POINT ( 'NONE', #51 ) ;
#1531 = CARTESIAN_POINT ( 'NONE',  ( 75.00000000000001421, -10.00000000000000000, -60.00000000000000000 ) ) ;
#1532 = EDGE_CURVE ( 'NONE', #1379, #1614, #1982, .T. ) ;
#1533 = EDGE_CURVE ( 'NONE', #303, #1061, #1012, .T. ) ;
#1534 = ORIENTED_EDGE ( 'NONE', *, *, #1811, .T. ) ;
#1535 = DIRECTION ( 'NONE',  ( 1.000000000000000000, -0.000000000000000000, 0.000000000000000000 ) ) ;
#1536 = DIRECTION ( 'NONE',  ( -1.000000000000000000, 0.000000000000000000, 0.000000000000000000 ) ) ;
#1537 = VERTEX_POINT ( 'NONE', #246 ) ;
#1538 = CARTESIAN_POINT ( 'NONE',  ( -29.00000000000000000, -66.00000000000000000, 18.99999999999999289 ) ) ;
#1539 = ORIENTED_EDGE ( 'NONE', *, *, #1343, .T. ) ;
#1540 = DIRECTION ( 'NONE',  ( 0.000000000000000000, 0.000000000000000000, -1.000000000000000000 ) ) ;
#1541 = VERTEX_POINT ( 'NONE', #1628 ) ;
#1542 = ORIENTED_EDGE ( 'NONE', *, *, #2063, .T. ) ;
#1543 = ADVANCED_FACE ( 'NONE', ( #59 ), #2408, .T. ) ;
#1544 = CARTESIAN_POINT ( 'NONE',  ( 0.000000000000000000, 35.00000000000000000, 0.000000000000000000 ) ) ;
#1545 = DIRECTION ( 'NONE',  ( -1.000000000000000000, 0.000000000000000000, -0.000000000000000000 ) ) ;
#1546 = EDGE_CURVE ( 'NONE', #2055, #2133, #1023, .T. ) ;
#1547 = EDGE_CURVE ( 'NONE', #1939, #52, #1803, .T. ) ;
#1548 = ORIENTED_EDGE ( 'NONE', *, *, #1785, .T. ) ;
#1549 = LINE ( 'NONE', #572, #167 ) ;
#1550 = EDGE_LOOP ( 'NONE', ( #518, #1828, #1735, #433 ) ) ;
#1551 = AXIS2_PLACEMENT_3D ( 'NONE', #86, #1836, #842 ) ;
#1552 = CARTESIAN_POINT ( 'NONE',  ( -29.00000000000000000, -66.00000000000000000, -6.938893903907228378E-15 ) ) ;
#1553 = AXIS2_PLACEMENT_3D ( 'NONE', #1164, #785, #173 ) ;
#1554 = ORIENTED_EDGE ( 'NONE', *, *, #2218, .F. ) ;
#1555 = DIRECTION ( 'NONE',  ( 1.000000000000000000, 0.000000000000000000, 0.000000000000000000 ) ) ;
#1556 = VECTOR ( 'NONE', #872, 1000.000000000000000 ) ;
#1557 = AXIS2_PLACEMENT_3D ( 'NONE', #724, #1306, #332 ) ;
#1558 = PLANE ( 'NONE',  #1674 ) ;
#1559 = PLANE ( 'NONE',  #578 ) ;
#1560 = AXIS2_PLACEMENT_3D ( 'NONE', #2417, #70, #1056 ) ;
#1561 = CYLINDRICAL_SURFACE ( 'NONE', #1582, 5.999999999999998224 ) ;
#1562 = DIRECTION ( 'NONE',  ( -0.000000000000000000, -1.000000000000000000, -0.000000000000000000 ) ) ;
#1563 = VECTOR ( 'NONE', #220, 1000.000000000000000 ) ;
#1564 = EDGE_CURVE ( 'NONE', #1469, #2468, #2210, .T. ) ;
#1565 = EDGE_CURVE ( 'NONE', #503, #1487, #1845, .T. ) ;
#1566 = ORIENTED_EDGE ( 'NONE', *, *, #1984, .T. ) ;
#1567 = CARTESIAN_POINT ( 'NONE',  ( 29.00000000000000000, -66.00000000000000000, -6.938893903907228378E-15 ) ) ;
#1568 = CIRCLE ( 'NONE', #1472, 2.999999999999999112 ) ;
#1569 = ORIENTED_EDGE ( 'NONE', *, *, #183, .T. ) ;
#1570 = DIRECTION ( 'NONE',  ( 0.000000000000000000, 0.000000000000000000, -1.000000000000000000 ) ) ;
#1571 = DIRECTION ( 'NONE',  ( 0.000000000000000000, 0.000000000000000000, -1.000000000000000000 ) ) ;
#1572 = CYLINDRICAL_SURFACE ( 'NONE', #479, 11.99999999999999645 ) ;
#1573 = LINE ( 'NONE', #162, #1391 ) ;
#1574 = ORIENTED_EDGE ( 'NONE', *, *, #2379, .F. ) ;
#1575 = EDGE_CURVE ( 'NONE', #1067, #1008, #76, .T. ) ;
#1576 = CARTESIAN_POINT ( 'NONE',  ( 51.00000000000000000, 0.000000000000000000, -50.00000000000000000 ) ) ;
#1577 = EDGE_LOOP ( 'NONE', ( #1177, #362, #1742, #1791, #961, #439, #1283, #1268, #2438, #2390, #1915 ) ) ;
#1578 = CARTESIAN_POINT ( 'NONE',  ( 0.000000000000000000, 0.000000000000000000, 0.000000000000000000 ) ) ;
#1579 = LINE ( 'NONE', #1788, #1033 ) ;
#1580 = FACE_OUTER_BOUND ( 'NONE', #2025, .T. ) ;
#1581 = DIRECTION ( 'NONE',  ( 1.000000000000000000, 0.000000000000000000, 0.000000000000000000 ) ) ;
#1582 = AXIS2_PLACEMENT_3D ( 'NONE', #965, #384, #1377 ) ;
#1583 = ORIENTED_EDGE ( 'NONE', *, *, #744, .T. ) ;
#1584 = DIRECTION ( 'NONE',  ( 0.000000000000000000, 0.000000000000000000, 1.000000000000000000 ) ) ;
#1585 = DIRECTION ( 'NONE',  ( 0.000000000000000000, 0.000000000000000000, 1.000000000000000000 ) ) ;
#1586 = APPLICATION_CONTEXT ( 'automotive_design' ) ;
#1587 = CIRCLE ( 'NONE', #1874, 25.00000000000000000 ) ;
#1588 = ORIENTED_EDGE ( 'NONE', *, *, #1741, .T. ) ;
#1589 = EDGE_LOOP ( 'NONE', ( #139, #758, #1194, #1132 ) ) ;
#1590 = CIRCLE ( 'NONE', #1303, 24.99999999999999289 ) ;
#1591 = EDGE_CURVE ( 'NONE', #226, #641, #1218, .T. ) ;
#1592 = VECTOR ( 'NONE', #1888, 1000.000000000000000 ) ;
#1593 = FACE_OUTER_BOUND ( 'NONE', #2411, .T. ) ;
#1594 = CARTESIAN_POINT ( 'NONE',  ( 29.00000000000000000, -66.00000000000000000, -6.938893903907228378E-15 ) ) ;
#1595 = VECTOR ( 'NONE', #892, 1000.000000000000000 ) ;
#1596 = DIRECTION ( 'NONE',  ( 0.000000000000000000, 0.000000000000000000, -1.000000000000000000 ) ) ;
#1597 = DIRECTION ( 'NONE',  ( 0.000000000000000000, -1.000000000000000000, 0.000000000000000000 ) ) ;
#1598 = CIRCLE ( 'NONE', #1635, 12.00000000000000000 ) ;
#1599 = ORIENTED_EDGE ( 'NONE', *, *, #495, .F. ) ;
#1600 = CARTESIAN_POINT ( 'NONE',  ( 42.00000000000000000, -10.00000000000000000, 28.00000000000000711 ) ) ;
#1601 = AXIS2_PLACEMENT_3D ( 'NONE', #921, #1286, #874 ) ;
#1602 = AXIS2_PLACEMENT_3D ( 'NONE', #1728, #351, #2085 ) ;
#1603 = VERTEX_POINT ( 'NONE', #1050 ) ;
#1604 = EDGE_LOOP ( 'NONE', ( #1699, #19, #160, #566 ) ) ;
#1605 = DIRECTION ( 'NONE',  ( 1.000000000000000000, -0.000000000000000000, -2.775557561562891351E-16 ) ) ;
#1606 = FACE_OUTER_BOUND ( 'NONE', #783, .T. ) ;
#1607 = EDGE_CURVE ( 'NONE', #1886, #827, #1208, .T. ) ;
#1608 = LINE ( 'NONE', #1217, #106 ) ;
#1609 = EDGE_CURVE ( 'NONE', #2369, #465, #1992, .T. ) ;
#1610 = PLANE ( 'NONE',  #652 ) ;
#1611 = EDGE_LOOP ( 'NONE', ( #2422, #1370, #2320, #551 ) ) ;
#1612 = DIRECTION ( 'NONE',  ( 0.000000000000000000, 0.000000000000000000, 1.000000000000000000 ) ) ;
#1613 = ORIENTED_EDGE ( 'NONE', *, *, #723, .T. ) ;
#1614 = VERTEX_POINT ( 'NONE', #654 ) ;
#1615 = FACE_OUTER_BOUND ( 'NONE', #668, .T. ) ;
#1616 = DIRECTION ( 'NONE',  ( 0.000000000000000000, 0.000000000000000000, -1.000000000000000000 ) ) ;
#1617 = LINE ( 'NONE', #1409, #1348 ) ;
#1618 = DIRECTION ( 'NONE',  ( 0.000000000000000000, 0.000000000000000000, -1.000000000000000000 ) ) ;
#1619 = ADVANCED_FACE ( 'NONE', ( #1435, #1781 ), #1610, .F. ) ;
#1620 = VERTEX_POINT ( 'NONE', #2008 ) ;
#1621 = CARTESIAN_POINT ( 'NONE',  ( -45.00000000000000000, 0.000000000000000000, -44.00000000000000711 ) ) ;
#1622 = ORIENTED_EDGE ( 'NONE', *, *, #1924, .T. ) ;
#1623 = ORIENTED_EDGE ( 'NONE', *, *, #1441, .F. ) ;
#1624 = CIRCLE ( 'NONE', #679, 10.00000000000000000 ) ;
#1625 = DIRECTION ( 'NONE',  ( 0.000000000000000000, 0.000000000000000000, 1.000000000000000000 ) ) ;
#1626 = FACE_BOUND ( 'NONE', #2338, .T. ) ;
#1627 = DIRECTION ( 'NONE',  ( -0.000000000000000000, 1.000000000000000000, -0.000000000000000000 ) ) ;
#1628 = CARTESIAN_POINT ( 'NONE',  ( 32.00000000000000000, -15.00000000000000000, 27.19642857142858006 ) ) ;
#1629 = AXIS2_PLACEMENT_3D ( 'NONE', #828, #1424, #1612 ) ;
#1630 = VERTEX_POINT ( 'NONE', #602 ) ;
#1631 = CARTESIAN_POINT ( 'NONE',  ( 0.000000000000000000, 0.000000000000000000, 25.00000000000000000 ) ) ;
#1632 = ADVANCED_FACE ( 'NONE', ( #1040 ), #2224, .F. ) ;
#1633 = EDGE_CURVE ( 'NONE', #397, #2088, #2044, .T. ) ;
#1634 = EDGE_LOOP ( 'NONE', ( #624, #1428, #61, #943, #1093, #1273, #1654, #1086 ) ) ;
#1635 = AXIS2_PLACEMENT_3D ( 'NONE', #358, #1757, #788 ) ;
#1636 = ORIENTED_EDGE ( 'NONE', *, *, #1971, .T. ) ;
#1637 = LINE ( 'NONE', #1406, #1102 ) ;
#1638 = DIRECTION ( 'NONE',  ( -0.000000000000000000, -0.000000000000000000, 1.000000000000000000 ) ) ;
#1639 = AXIS2_PLACEMENT_3D ( 'NONE', #492, #1495, #1462 ) ;
#1640 = CARTESIAN_POINT ( 'NONE',  ( -34.99864569382102530, 0.000000000000000000, -60.00000000000000000 ) ) ;
#1641 = LINE ( 'NONE', #2382, #1147 ) ;
#1642 = VECTOR ( 'NONE', #1237, 1000.000000000000000 ) ;
#1643 = LINE ( 'NONE', #50, #1669 ) ;
#1644 = LINE ( 'NONE', #132, #377 ) ;
#1645 = ORIENTED_EDGE ( 'NONE', *, *, #1609, .T. ) ;
#1646 = DIRECTION ( 'NONE',  ( 0.000000000000000000, 0.000000000000000000, -1.000000000000000000 ) ) ;
#1647 = VERTEX_POINT ( 'NONE', #2060 ) ;
#1648 = ADVANCED_FACE ( 'NONE', ( #530 ), #2071, .F. ) ;
#1649 = VERTEX_POINT ( 'NONE', #280 ) ;
#1650 = DIRECTION ( 'NONE',  ( 2.775557561562891351E-16, 0.000000000000000000, -1.000000000000000000 ) ) ;
#1651 = LINE ( 'NONE', #2440, #1316 ) ;
#1652 = ADVANCED_FACE ( 'NONE', ( #2293 ), #693, .F. ) ;
#1653 = EDGE_CURVE ( 'NONE', #15, #1810, #2307, .T. ) ;
#1654 = ORIENTED_EDGE ( 'NONE', *, *, #1240, .F. ) ;
#1655 = DIRECTION ( 'NONE',  ( 0.000000000000000000, 0.000000000000000000, 1.000000000000000000 ) ) ;
#1656 = DIRECTION ( 'NONE',  ( -1.000000000000000000, 0.000000000000000000, 0.000000000000000000 ) ) ;
#1657 = CARTESIAN_POINT ( 'NONE',  ( -45.00000000000000000, -66.00000000000000000, -19.00000000000000711 ) ) ;
#1658 = DIRECTION ( 'NONE',  ( -1.000000000000000000, 0.000000000000000000, 0.000000000000000000 ) ) ;
#1659 = ORIENTED_EDGE ( 'NONE', *, *, #2283, .F. ) ;
#1660 = LINE ( 'NONE', #1258, #326 ) ;
#1661 = ORIENTED_EDGE ( 'NONE', *, *, #1108, .F. ) ;
#1662 = ORIENTED_EDGE ( 'NONE', *, *, #1547, .F. ) ;
#1663 = CARTESIAN_POINT ( 'NONE',  ( -51.00000000000000000, 35.00000000000000000, -44.00000000000000711 ) ) ;
#1664 = LINE ( 'NONE', #1440, #1732 ) ;
#1665 = VECTOR ( 'NONE', #775, 1000.000000000000000 ) ;
#1666 = ORIENTED_EDGE ( 'NONE', *, *, #134, .T. ) ;
#1667 = DIRECTION ( 'NONE',  ( 1.000000000000000000, -0.000000000000000000, 0.000000000000000000 ) ) ;
#1668 = CARTESIAN_POINT ( 'NONE',  ( 42.00000000000000000, -66.00000000000000000, 18.99999999999999289 ) ) ;
#1669 = VECTOR ( 'NONE', #1826, 1000.000000000000000 ) ;
#1670 = ADVANCED_FACE ( 'NONE', ( #2103 ), #100, .F. ) ;
#1671 = VERTEX_POINT ( 'NONE', #2235 ) ;
#1672 = LINE ( 'NONE', #1493, #821 ) ;
#1673 = DIRECTION ( 'NONE',  ( 0.000000000000000000, 0.000000000000000000, -1.000000000000000000 ) ) ;
#1674 = AXIS2_PLACEMENT_3D ( 'NONE', #582, #1196, #1979 ) ;
#1675 = ORIENTED_EDGE ( 'NONE', *, *, #2270, .T. ) ;
#1676 = AXIS2_PLACEMENT_3D ( 'NONE', #2406, #1834, #2432 ) ;
#1677 = DIRECTION ( 'NONE',  ( 0.000000000000000000, -1.000000000000000000, 0.000000000000000000 ) ) ;
#1678 = AXIS2_PLACEMENT_3D ( 'NONE', #790, #576, #360 ) ;
#1679 = VERTEX_POINT ( 'NONE', #1072 ) ;
#1680 =( NAMED_UNIT ( * ) SI_UNIT ( $, .STERADIAN. ) SOLID_ANGLE_UNIT ( ) );
#1681 = CYLINDRICAL_SURFACE ( 'NONE', #2144, 12.00000000000000000 ) ;
#1682 = AXIS2_PLACEMENT_3D ( 'NONE', #1726, #929, #1503 ) ;
#1683 = EDGE_LOOP ( 'NONE', ( #2217, #2404, #327, #594 ) ) ;
#1684 = CARTESIAN_POINT ( 'NONE',  ( 32.00000000000000000, -8.352941176470585205, -33.41176470588235503 ) ) ;
#1685 = DIRECTION ( 'NONE',  ( 0.000000000000000000, 1.000000000000000000, 0.000000000000000000 ) ) ;
#1686 = AXIS2_PLACEMENT_3D ( 'NONE', #1342, #2336, #158 ) ;
#1687 = EDGE_LOOP ( 'NONE', ( #2403, #1623, #1318, #484 ) ) ;
#1688 = VECTOR ( 'NONE', #458, 1000.000000000000000 ) ;
#1689 = CARTESIAN_POINT ( 'NONE',  ( 0.000000000000000000, -17.16547540185549536, -35.00000000000000000 ) ) ;
#1690 = EDGE_CURVE ( 'NONE', #2166, #2437, #889, .T. ) ;
#1691 = CARTESIAN_POINT ( 'NONE',  ( -32.00000000000000000, -4.638483058750396459, 28.86167236555798254 ) ) ;
#1692 = DIRECTION ( 'NONE',  ( 0.000000000000000000, -0.000000000000000000, -1.000000000000000000 ) ) ;
#1693 = AXIS2_PLACEMENT_3D ( 'NONE', #2095, #898, #336 ) ;
#1694 = EDGE_LOOP ( 'NONE', ( #357, #430, #766, #998 ) ) ;
#1695 = EDGE_CURVE ( 'NONE', #2219, #2437, #2174, .T. ) ;
#1696 = LINE ( 'NONE', #667, #855 ) ;
#1697 = ORIENTED_EDGE ( 'NONE', *, *, #1998, .F. ) ;
#1698 = DIRECTION ( 'NONE',  ( 0.000000000000000000, 1.000000000000000000, 0.000000000000000000 ) ) ;
#1699 = ORIENTED_EDGE ( 'NONE', *, *, #1575, .F. ) ;
#1700 = DIRECTION ( 'NONE',  ( 0.000000000000000000, 1.000000000000000000, 0.000000000000000000 ) ) ;
#1701 = FACE_OUTER_BOUND ( 'NONE', #2036, .T. ) ;
#1702 = ORIENTED_EDGE ( 'NONE', *, *, #240, .F. ) ;
#1703 = CARTESIAN_POINT ( 'NONE',  ( 32.00000000000000000, 35.00000000000000000, -35.00000000000000000 ) ) ;
#1704 = DIRECTION ( 'NONE',  ( -0.000000000000000000, -0.9873303712766987594, -0.1586780953837554076 ) ) ;
#1705 = DIRECTION ( 'NONE',  ( -1.000000000000000000, 0.000000000000000000, 0.000000000000000000 ) ) ;
#1706 = VERTEX_POINT ( 'NONE', #1853 ) ;
#1707 = LINE ( 'NONE', #1302, #2344 ) ;
#1708 = EDGE_CURVE ( 'NONE', #677, #2483, #1877, .T. ) ;
#1709 = VERTEX_POINT ( 'NONE', #861 ) ;
#1710 = CARTESIAN_POINT ( 'NONE',  ( -42.00000000000000000, -4.638483058750396459, 28.86167236555798254 ) ) ;
#1711 = ORIENTED_EDGE ( 'NONE', *, *, #1785, .F. ) ;
#1712 = CARTESIAN_POINT ( 'NONE',  ( 68.78397685815478724, 23.00000000000000000, -60.00100000000000477 ) ) ;
#1713 = DIRECTION ( 'NONE',  ( -0.000000000000000000, -1.000000000000000000, -0.000000000000000000 ) ) ;
#1714 = VERTEX_POINT ( 'NONE', #2279 ) ;
#1715 = DIRECTION ( 'NONE',  ( -1.156482317317871331E-15, 0.000000000000000000, 1.000000000000000000 ) ) ;
#1716 = CARTESIAN_POINT ( 'NONE',  ( -75.00000000000000000, 35.00000000000000000, -60.00000000000000711 ) ) ;
#1717 = CARTESIAN_POINT ( 'NONE',  ( 0.000000000000000000, 35.00000000000000000, -50.00000000000000000 ) ) ;
#1718 = AXIS2_PLACEMENT_3D ( 'NONE', #529, #2278, #1298 ) ;
#1719 = ORIENTED_EDGE ( 'NONE', *, *, #2247, .F. ) ;
#1720 = PLANE ( 'NONE',  #815 ) ;
#1721 = VECTOR ( 'NONE', #1698, 1000.000000000000000 ) ;
#1722 = ORIENTED_EDGE ( 'NONE', *, *, #2099, .T. ) ;
#1723 = ADVANCED_FACE ( 'NONE', ( #1300 ), #2087, .F. ) ;
#1724 = ADVANCED_FACE ( 'NONE', ( #1113 ), #1085, .F. ) ;
#1725 = ORIENTED_EDGE ( 'NONE', *, *, #265, .F. ) ;
#1726 = CARTESIAN_POINT ( 'NONE',  ( 0.000000000000000000, 35.00000000000000000, -35.00000000000000000 ) ) ;
#1727 = ORIENTED_EDGE ( 'NONE', *, *, #1695, .T. ) ;
#1728 = CARTESIAN_POINT ( 'NONE',  ( 0.000000000000000000, 35.00000000000000000, -25.00000000000000000 ) ) ;
#1729 = CARTESIAN_POINT ( 'NONE',  ( 28.00000000000000000, 35.00000000000000000, -25.00000000000000000 ) ) ;
#1730 = AXIS2_PLACEMENT_3D ( 'NONE', #752, #2523, #1545 ) ;
#1731 = CARTESIAN_POINT ( 'NONE',  ( 42.00000000000000000, -8.352941176470585205, -33.41176470588235503 ) ) ;
#1732 = VECTOR ( 'NONE', #2371, 1000.000000000000000 ) ;
#1733 = ORIENTED_EDGE ( 'NONE', *, *, #2247, .T. ) ;
#1734 = DIRECTION ( 'NONE',  ( 0.000000000000000000, -1.000000000000000000, 0.000000000000000000 ) ) ;
#1735 = ORIENTED_EDGE ( 'NONE', *, *, #1060, .T. ) ;
#1736 = CARTESIAN_POINT ( 'NONE',  ( 32.00000000000000000, -66.00000000000000000, 18.99999999999999645 ) ) ;
#1737 = DIRECTION ( 'NONE',  ( -0.000000000000000000, -0.000000000000000000, 1.000000000000000000 ) ) ;
#1738 = EDGE_CURVE ( 'NONE', #1452, #272, #1644, .T. ) ;
#1739 = ORIENTED_EDGE ( 'NONE', *, *, #1708, .F. ) ;
#1740 = DIRECTION ( 'NONE',  ( 0.000000000000000000, 0.000000000000000000, 1.000000000000000000 ) ) ;
#1741 = EDGE_CURVE ( 'NONE', #480, #2204, #2491, .T. ) ;
#1742 = ORIENTED_EDGE ( 'NONE', *, *, #340, .F. ) ;
#1743 = DIRECTION ( 'NONE',  ( 0.000000000000000000, 0.000000000000000000, -1.000000000000000000 ) ) ;
#1744 = CARTESIAN_POINT ( 'NONE',  ( -51.00000000000000000, 0.000000000000000000, -50.00000000000000000 ) ) ;
#1745 = CARTESIAN_POINT ( 'NONE',  ( -28.00000000000000000, 0.000000000000000000, -22.00000000000000355 ) ) ;
#1746 = LINE ( 'NONE', #2363, #1355 ) ;
#1747 = ORIENTED_EDGE ( 'NONE', *, *, #1741, .F. ) ;
#1748 = CARTESIAN_POINT ( 'NONE',  ( -29.00000000000000000, -66.00000000000000000, -19.00000000000000711 ) ) ;
#1749 = VERTEX_POINT ( 'NONE', #2434 ) ;
#1750 = ORIENTED_EDGE ( 'NONE', *, *, #2517, .T. ) ;
#1751 = LINE ( 'NONE', #558, #199 ) ;
#1752 = ADVANCED_FACE ( 'NONE', ( #665, #1448 ), #2447, .T. ) ;
#1753 = EDGE_CURVE ( 'NONE', #184, #1886, #2313, .T. ) ;
#1754 = CARTESIAN_POINT ( 'NONE',  ( 42.00000000000000000, 0.000000000000000000, 0.000000000000000000 ) ) ;
#1755 = CIRCLE ( 'NONE', #312, 12.00000000000000000 ) ;
#1756 = CARTESIAN_POINT ( 'NONE',  ( 45.00000000000002842, -10.00000000000000000, 28.00000000000000711 ) ) ;
#1757 = DIRECTION ( 'NONE',  ( 0.000000000000000000, -1.000000000000000000, 0.000000000000000000 ) ) ;
#1758 = VECTOR ( 'NONE', #1627, 1000.000000000000000 ) ;
#1759 = VERTEX_POINT ( 'NONE', #1127 ) ;
#1760 = AXIS2_PLACEMENT_3D ( 'NONE', #2505, #1084, #516 ) ;
#1761 = DIRECTION ( 'NONE',  ( 0.000000000000000000, -1.000000000000000000, 0.000000000000000000 ) ) ;
#1762 = ORIENTED_EDGE ( 'NONE', *, *, #317, .F. ) ;
#1763 = VECTOR ( 'NONE', #2068, 1000.000000000000000 ) ;
#1764 = CIRCLE ( 'NONE', #604, 5.999999999999998224 ) ;
#1765 = DIRECTION ( 'NONE',  ( 2.775557561562891351E-16, 0.000000000000000000, -1.000000000000000000 ) ) ;
#1766 = DIRECTION ( 'NONE',  ( 0.000000000000000000, 0.000000000000000000, 1.000000000000000000 ) ) ;
#1767 = AXIS2_PLACEMENT_3D ( 'NONE', #1274, #297, #311 ) ;
#1768 = EDGE_CURVE ( 'NONE', #2033, #1759, #559, .T. ) ;
#1769 = DIRECTION ( 'NONE',  ( 0.000000000000000000, 1.000000000000000000, -0.000000000000000000 ) ) ;
#1770 = FACE_OUTER_BOUND ( 'NONE', #1425, .T. ) ;
#1771 = VECTOR ( 'NONE', #843, 1000.000000000000000 ) ;
#1772 = ADVANCED_FACE ( 'NONE', ( #2129 ), #2116, .F. ) ;
#1773 = ORIENTED_EDGE ( 'NONE', *, *, #923, .T. ) ;
#1774 = CIRCLE ( 'NONE', #247, 5.000000000000000888 ) ;
#1775 = DIRECTION ( 'NONE',  ( 0.000000000000000000, 0.000000000000000000, -1.000000000000000000 ) ) ;
#1776 = LINE ( 'NONE', #1943, #1890 ) ;
#1777 = EDGE_LOOP ( 'NONE', ( #984, #1333, #2094, #1098 ) ) ;
#1778 = PLANE ( 'NONE',  #2457 ) ;
#1779 = DIRECTION ( 'NONE',  ( -0.000000000000000000, -0.000000000000000000, 1.000000000000000000 ) ) ;
#1780 = LINE ( 'NONE', #197, #1665 ) ;
#1781 = FACE_OUTER_BOUND ( 'NONE', #1821, .T. ) ;
#1782 = ORIENTED_EDGE ( 'NONE', *, *, #1198, .F. ) ;
#1783 = CARTESIAN_POINT ( 'NONE',  ( 34.99864569382103241, 0.000000000000000000, -34.99999999999999289 ) ) ;
#1784 = EDGE_CURVE ( 'NONE', #851, #1932, #964, .T. ) ;
#1785 = EDGE_CURVE ( 'NONE', #1603, #52, #1267, .T. ) ;
#1786 = ORIENTED_EDGE ( 'NONE', *, *, #1893, .F. ) ;
#1787 = CARTESIAN_POINT ( 'NONE',  ( 42.00000000000000000, -66.00000000000000000, -6.938893903907228378E-15 ) ) ;
#1788 = CARTESIAN_POINT ( 'NONE',  ( -32.00000000000000000, 35.00000000000000000, -35.00000000000000000 ) ) ;
#1789 = FACE_BOUND ( 'NONE', #1142, .T. ) ;
#1790 = DIRECTION ( 'NONE',  ( 1.000000000000000000, 0.000000000000000000, 0.000000000000000000 ) ) ;
#1791 = ORIENTED_EDGE ( 'NONE', *, *, #923, .F. ) ;
#1792 = DIRECTION ( 'NONE',  ( 1.000000000000000000, 0.000000000000000000, -1.734723475976807094E-16 ) ) ;
#1793 = ADVANCED_FACE ( 'NONE', ( #2154 ), #591, .T. ) ;
#1794 = VERTEX_POINT ( 'NONE', #383 ) ;
#1795 = EDGE_CURVE ( 'NONE', #680, #1860, #954, .T. ) ;
#1796 = VERTEX_POINT ( 'NONE', #2327 ) ;
#1797 = CIRCLE ( 'NONE', #2503, 25.00000000000000000 ) ;
#1798 = AXIS2_PLACEMENT_3D ( 'NONE', #2512, #1868, #512 ) ;
#1799 = FACE_OUTER_BOUND ( 'NONE', #589, .T. ) ;
#1800 = CARTESIAN_POINT ( 'NONE',  ( 51.00000000000000000, 35.00000000000000000, -44.00000000000000711 ) ) ;
#1801 = VECTOR ( 'NONE', #1007, 999.9999999999998863 ) ;
#1802 = DIRECTION ( 'NONE',  ( 0.000000000000000000, 0.000000000000000000, 1.000000000000000000 ) ) ;
#1803 = LINE ( 'NONE', #2373, #1563 ) ;
#1804 = VECTOR ( 'NONE', #728, 1000.000000000000114 ) ;
#1805 = EDGE_LOOP ( 'NONE', ( #1017, #931, #803, #1926 ) ) ;
#1806 = CARTESIAN_POINT ( 'NONE',  ( 69.00000000000000000, -10.00000000000000000, -44.00000000000000711 ) ) ;
#1807 = AXIS2_PLACEMENT_3D ( 'NONE', #144, #341, #1766 ) ;
#1808 = AXIS2_PLACEMENT_3D ( 'NONE', #67, #1638, #2229 ) ;
#1809 = ORIENTED_EDGE ( 'NONE', *, *, #1388, .T. ) ;
#1810 = VERTEX_POINT ( 'NONE', #1744 ) ;
#1811 = EDGE_CURVE ( 'NONE', #1487, #503, #1156, .T. ) ;
#1812 = DIRECTION ( 'NONE',  ( -1.000000000000000000, 0.000000000000000000, 0.000000000000000000 ) ) ;
#1813 = CYLINDRICAL_SURFACE ( 'NONE', #1024, 5.999999999999998224 ) ;
#1814 = ADVANCED_FACE ( 'NONE', ( #1331 ), #367, .F. ) ;
#1815 = EDGE_CURVE ( 'NONE', #1078, #2377, #997, .T. ) ;
#1816 = DIRECTION ( 'NONE',  ( 0.000000000000000000, -1.000000000000000000, 0.000000000000000000 ) ) ;
#1817 = CARTESIAN_POINT ( 'NONE',  ( -32.00000000000000000, 35.00000000000000000, -38.00000000000000711 ) ) ;
#1818 = ORIENTED_EDGE ( 'NONE', *, *, #1253, .T. ) ;
#1819 = DIRECTION ( 'NONE',  ( -1.734723475976807094E-16, 0.000000000000000000, 1.000000000000000000 ) ) ;
#1820 = ORIENTED_EDGE ( 'NONE', *, *, #95, .T. ) ;
#1821 = EDGE_LOOP ( 'NONE', ( #2238, #191 ) ) ;
#1822 = PLANE ( 'NONE',  #119 ) ;
#1823 = DIRECTION ( 'NONE',  ( -0.000000000000000000, -1.000000000000000000, 0.000000000000000000 ) ) ;
#1824 = EDGE_CURVE ( 'NONE', #684, #2364, #763, .T. ) ;
#1825 = EDGE_CURVE ( 'NONE', #2287, #2251, #2424, .T. ) ;
#1826 = DIRECTION ( 'NONE',  ( 0.000000000000000000, 0.000000000000000000, -1.000000000000000000 ) ) ;
#1827 = DIRECTION ( 'NONE',  ( -1.000000000000000000, -0.000000000000000000, -0.000000000000000000 ) ) ;
#1828 = ORIENTED_EDGE ( 'NONE', *, *, #1970, .T. ) ;
#1829 = CARTESIAN_POINT ( 'NONE',  ( -26.99999999999999645, -10.00000000000000000, 28.00000000000000711 ) ) ;
#1830 = ORIENTED_EDGE ( 'NONE', *, *, #1870, .F. ) ;
#1831 = ORIENTED_EDGE ( 'NONE', *, *, #991, .F. ) ;
#1832 = DIRECTION ( 'NONE',  ( 0.000000000000000000, 0.000000000000000000, 1.000000000000000000 ) ) ;
#1833 = CYLINDRICAL_SURFACE ( 'NONE', #581, 19.00000000000000000 ) ;
#1834 = DIRECTION ( 'NONE',  ( 0.000000000000000000, 1.000000000000000000, -0.000000000000000000 ) ) ;
#1835 = AXIS2_PLACEMENT_3D ( 'NONE', #490, #127, #885 ) ;
#1836 = DIRECTION ( 'NONE',  ( -0.000000000000000000, -1.000000000000000000, 0.000000000000000000 ) ) ;
#1837 = CARTESIAN_POINT ( 'NONE',  ( 75.00000000000000000, 35.00000000000000000, 0.000000000000000000 ) ) ;
#1838 = CIRCLE ( 'NONE', #993, 19.00000000000000000 ) ;
#1839 = ADVANCED_FACE ( 'NONE', ( #2143 ), #1559, .T. ) ;
#1840 = ORIENTED_EDGE ( 'NONE', *, *, #1162, .F. ) ;
#1841 = CARTESIAN_POINT ( 'NONE',  ( 75.00000000000000000, 35.00000000000000000, -50.00000000000000000 ) ) ;
#1842 = AXIS2_PLACEMENT_3D ( 'NONE', #585, #176, #1973 ) ;
#1843 = EDGE_CURVE ( 'NONE', #631, #467, #394, .T. ) ;
#1844 = ORIENTED_EDGE ( 'NONE', *, *, #2029, .F. ) ;
#1845 = CIRCLE ( 'NONE', #448, 5.783976858154793455 ) ;
#1846 = ORIENTED_EDGE ( 'NONE', *, *, #1843, .F. ) ;
#1847 = DIRECTION ( 'NONE',  ( 1.000000000000000000, -0.000000000000000000, 0.000000000000000000 ) ) ;
#1848 = AXIS2_PLACEMENT_3D ( 'NONE', #1594, #1847, #22 ) ;
#1849 = ORIENTED_EDGE ( 'NONE', *, *, #1500, .T. ) ;
#1850 = LINE ( 'NONE', #1640, #1363 ) ;
#1851 = DIRECTION ( 'NONE',  ( -0.000000000000000000, -0.000000000000000000, 1.000000000000000000 ) ) ;
#1852 = CYLINDRICAL_SURFACE ( 'NONE', #982, 25.00000000000000000 ) ;
#1853 = CARTESIAN_POINT ( 'NONE',  ( 51.00000000000000000, 0.000000000000000000, -50.00000000000000000 ) ) ;
#1854 = ORIENTED_EDGE ( 'NONE', *, *, #1107, .T. ) ;
#1855 = LINE ( 'NONE', #102, #1426 ) ;
#1856 = ORIENTED_EDGE ( 'NONE', *, *, #2458, .T. ) ;
#1857 = EDGE_CURVE ( 'NONE', #15, #2451, #1958, .T. ) ;
#1858 = ORIENTED_EDGE ( 'NONE', *, *, #355, .F. ) ;
#1859 = DIRECTION ( 'NONE',  ( 0.000000000000000000, -0.000000000000000000, 1.000000000000000000 ) ) ;
#1860 = VERTEX_POINT ( 'NONE', #786 ) ;
#1861 = CARTESIAN_POINT ( 'NONE',  ( -45.00000000000000000, 35.00000000000000000, -37.00000000000000711 ) ) ;
#1862 = DIRECTION ( 'NONE',  ( -1.000000000000000000, 0.000000000000000000, 0.000000000000000000 ) ) ;
#1863 = PLANE ( 'NONE',  #985 ) ;
#1864 = CARTESIAN_POINT ( 'NONE',  ( -63.00000000000000000, 23.00000000000002842, -60.00100000000000477 ) ) ;
#1865 = ORIENTED_EDGE ( 'NONE', *, *, #1533, .T. ) ;
#1866 = DIRECTION ( 'NONE',  ( 1.000000000000000000, 0.000000000000000000, 0.000000000000000000 ) ) ;
#1867 = ORIENTED_EDGE ( 'NONE', *, *, #2479, .T. ) ;
#1868 = DIRECTION ( 'NONE',  ( 0.000000000000000000, 1.000000000000000000, 0.000000000000000000 ) ) ;
#1869 = DIRECTION ( 'NONE',  ( 0.000000000000000000, 0.000000000000000000, 1.000000000000000000 ) ) ;
#1870 = EDGE_CURVE ( 'NONE', #641, #1043, #1376, .T. ) ;
#1871 = ORIENTED_EDGE ( 'NONE', *, *, #1014, .T. ) ;
#1872 = CARTESIAN_POINT ( 'NONE',  ( 0.000000000000000000, 35.00000000000000000, -16.00000000000000000 ) ) ;
#1873 = PLANE ( 'NONE',  #730 ) ;
#1874 = AXIS2_PLACEMENT_3D ( 'NONE', #1207, #1022, #1802 ) ;
#1875 = FACE_OUTER_BOUND ( 'NONE', #1204, .T. ) ;
#1876 = CYLINDRICAL_SURFACE ( 'NONE', #1718, 11.99999999999999645 ) ;
#1877 = LINE ( 'NONE', #73, #859 ) ;
#1878 = CIRCLE ( 'NONE', #1304, 19.00000000000000000 ) ;
#1879 = EDGE_LOOP ( 'NONE', ( #1548, #926 ) ) ;
#1880 = AXIS2_PLACEMENT_3D ( 'NONE', #1032, #2317, #1883 ) ;
#1881 = LINE ( 'NONE', #385, #692 ) ;
#1882 = ORIENTED_EDGE ( 'NONE', *, *, #355, .T. ) ;
#1883 = DIRECTION ( 'NONE',  ( 0.000000000000000000, -0.000000000000000000, 1.000000000000000000 ) ) ;
#1884 = CARTESIAN_POINT ( 'NONE',  ( -75.00000000000000000, 35.00000000000000000, -50.00000000000000000 ) ) ;
#1885 = VECTOR ( 'NONE', #5, 1000.000000000000000 ) ;
#1886 = VERTEX_POINT ( 'NONE', #1398 ) ;
#1887 = DIRECTION ( 'NONE',  ( -0.000000000000000000, -0.000000000000000000, 1.000000000000000000 ) ) ;
#1888 = DIRECTION ( 'NONE',  ( -0.000000000000000000, -0.000000000000000000, 1.000000000000000000 ) ) ;
#1889 = VECTOR ( 'NONE', #1827, 1000.000000000000000 ) ;
#1890 = VECTOR ( 'NONE', #179, 1000.000000000000000 ) ;
#1891 = DIRECTION ( 'NONE',  ( 1.000000000000000000, -0.000000000000000000, -0.000000000000000000 ) ) ;
#1892 = EDGE_CURVE ( 'NONE', #1264, #1423, #869, .T. ) ;
#1893 = EDGE_CURVE ( 'NONE', #1115, #684, #1651, .T. ) ;
#1894 = DIRECTION ( 'NONE',  ( -0.000000000000000000, -0.000000000000000000, 1.000000000000000000 ) ) ;
#1895 = EDGE_LOOP ( 'NONE', ( #1332, #2271, #2328, #1317 ) ) ;
#1896 = DIRECTION ( 'NONE',  ( 0.000000000000000000, 0.000000000000000000, -1.000000000000000000 ) ) ;
#1897 = VERTEX_POINT ( 'NONE', #1066 ) ;
#1898 = DIRECTION ( 'NONE',  ( -0.000000000000000000, 0.000000000000000000, 1.000000000000000000 ) ) ;
#1899 = FACE_OUTER_BOUND ( 'NONE', #607, .T. ) ;
#1900 = ORIENTED_EDGE ( 'NONE', *, *, #1441, .T. ) ;
#1901 = DIRECTION ( 'NONE',  ( -0.000000000000000000, 1.000000000000000000, -0.000000000000000000 ) ) ;
#1902 = DIRECTION ( 'NONE',  ( 2.775557561562891351E-16, 0.000000000000000000, -1.000000000000000000 ) ) ;
#1903 = CARTESIAN_POINT ( 'NONE',  ( 28.00000000000000000, 0.000000000000000000, -25.00000000000000000 ) ) ;
#1904 = FACE_OUTER_BOUND ( 'NONE', #596, .T. ) ;
#1905 = DIRECTION ( 'NONE',  ( -0.000000000000000000, 1.000000000000000000, 0.000000000000000000 ) ) ;
#1906 = EDGE_CURVE ( 'NONE', #1458, #1620, #880, .T. ) ;
#1907 = EDGE_CURVE ( 'NONE', #1379, #1987, #1579, .T. ) ;
#1908 = VERTEX_POINT ( 'NONE', #1387 ) ;
#1909 = DIRECTION ( 'NONE',  ( 0.000000000000000000, -0.2425356250363328858, -0.9701425001453318764 ) ) ;
#1910 = ORIENTED_EDGE ( 'NONE', *, *, #165, .T. ) ;
#1911 = FACE_OUTER_BOUND ( 'NONE', #718, .T. ) ;
#1912 = ORIENTED_EDGE ( 'NONE', *, *, #1272, .F. ) ;
#1913 = LINE ( 'NONE', #1712, #617 ) ;
#1914 = CIRCLE ( 'NONE', #802, 16.00000000000000000 ) ;
#1915 = ORIENTED_EDGE ( 'NONE', *, *, #762, .F. ) ;
#1916 = CYLINDRICAL_SURFACE ( 'NONE', #2389, 10.00000000000000000 ) ;
#1917 = DIRECTION ( 'NONE',  ( 0.000000000000000000, 0.000000000000000000, -1.000000000000000000 ) ) ;
#1918 = AXIS2_PLACEMENT_3D ( 'NONE', #1199, #23, #808 ) ;
#1919 = DIRECTION ( 'NONE',  ( 0.000000000000000000, 0.000000000000000000, 1.000000000000000000 ) ) ;
#1920 = AXIS2_PLACEMENT_3D ( 'NONE', #653, #1434, #2223 ) ;
#1921 = ORIENTED_EDGE ( 'NONE', *, *, #2517, .F. ) ;
#1922 = ORIENTED_EDGE ( 'NONE', *, *, #627, .T. ) ;
#1923 = CARTESIAN_POINT ( 'NONE',  ( 69.00000000000000000, -10.00000000000000000, -44.00000000000000711 ) ) ;
#1924 = EDGE_CURVE ( 'NONE', #1404, #1749, #1524, .T. ) ;
#1925 = CIRCLE ( 'NONE', #773, 16.00000000000000000 ) ;
#1926 = ORIENTED_EDGE ( 'NONE', *, *, #2283, .T. ) ;
#1927 = CARTESIAN_POINT ( 'NONE',  ( 75.00000000000002842, -10.00000000000000000, -49.99999999999999289 ) ) ;
#1928 = EDGE_CURVE ( 'NONE', #184, #851, #411, .T. ) ;
#1929 = EDGE_CURVE ( 'NONE', #1679, #452, #1664, .T. ) ;
#1930 = CARTESIAN_POINT ( 'NONE',  ( 35.00000000000000000, 35.00000000000000000, -60.00000000000000711 ) ) ;
#1931 = VECTOR ( 'NONE', #2285, 1000.000000000000114 ) ;
#1932 = VERTEX_POINT ( 'NONE', #670 ) ;
#1933 = EDGE_LOOP ( 'NONE', ( #2498, #1260, #488, #935 ) ) ;
#1934 = CARTESIAN_POINT ( 'NONE',  ( -25.00000000000000000, 0.000000000000000000, -22.00000000000000355 ) ) ;
#1935 = FACE_OUTER_BOUND ( 'NONE', #698, .T. ) ;
#1936 = VECTOR ( 'NONE', #629, 1000.000000000000000 ) ;
#1937 = DIRECTION ( 'NONE',  ( 0.000000000000000000, -0.9701425001453319874, 0.2425356250363329136 ) ) ;
#1938 = CIRCLE ( 'NONE', #2425, 3.000000000000002665 ) ;
#1939 = VERTEX_POINT ( 'NONE', #209 ) ;
#1940 = LINE ( 'NONE', #953, #1263 ) ;
#1941 = ORIENTED_EDGE ( 'NONE', *, *, #1690, .F. ) ;
#1942 = LINE ( 'NONE', #2150, #1801 ) ;
#1943 = CARTESIAN_POINT ( 'NONE',  ( 45.00000000000000000, 0.000000000000000000, 0.000000000000000000 ) ) ;
#1944 = ADVANCED_FACE ( 'NONE', ( #1453 ), #2383, .F. ) ;
#1945 = ADVANCED_FACE ( 'NONE', ( #414 ), #218, .F. ) ;
#1946 = ORIENTED_EDGE ( 'NONE', *, *, #2190, .F. ) ;
#1947 = VERTEX_POINT ( 'NONE', #1197 ) ;
#1948 = DIRECTION ( 'NONE',  ( 1.000000000000000000, -0.000000000000000000, -0.000000000000000000 ) ) ;
#1949 = CARTESIAN_POINT ( 'NONE',  ( -45.00000000000000000, -66.00000000000000000, -6.938893903907228378E-15 ) ) ;
#1950 = DIRECTION ( 'NONE',  ( -0.000000000000000000, -1.000000000000000000, -0.000000000000000000 ) ) ;
#1951 = DIRECTION ( 'NONE',  ( 0.000000000000000000, 0.000000000000000000, -1.000000000000000000 ) ) ;
#1952 = ORIENTED_EDGE ( 'NONE', *, *, #429, .F. ) ;
#1953 = CYLINDRICAL_SURFACE ( 'NONE', #1422, 10.00000000000000000 ) ;
#1954 = PRODUCT_DEFINITION_CONTEXT ( 'detailed design', #974, 'design' ) ;
#1955 = VERTEX_POINT ( 'NONE', #1186 ) ;
#1956 = EDGE_CURVE ( 'NONE', #150, #646, #1980, .T. ) ;
#1957 = DIRECTION ( 'NONE',  ( 2.775557561562892337E-16, 0.000000000000000000, -1.000000000000000000 ) ) ;
#1958 = LINE ( 'NONE', #196, #39 ) ;
#1959 = CIRCLE ( 'NONE', #1918, 19.00000000000000000 ) ;
#1960 = DIRECTION ( 'NONE',  ( 0.000000000000000000, 0.000000000000000000, -1.000000000000000000 ) ) ;
#1961 = DIRECTION ( 'NONE',  ( 1.000000000000000000, -0.000000000000000000, 0.000000000000000000 ) ) ;
#1962 = VECTOR ( 'NONE', #2522, 1000.000000000000000 ) ;
#1963 = ORIENTED_EDGE ( 'NONE', *, *, #2308, .F. ) ;
#1964 = DIRECTION ( 'NONE',  ( 1.000000000000000000, -0.000000000000000000, -0.000000000000000000 ) ) ;
#1965 =( GEOMETRIC_REPRESENTATION_CONTEXT ( 3 ) GLOBAL_UNCERTAINTY_ASSIGNED_CONTEXT ( ( #2319 ) ) GLOBAL_UNIT_ASSIGNED_CONTEXT ( ( #895, #741, #1680 ) ) REPRESENTATION_CONTEXT ( 'NONE', 'WORKASPACE' ) );
#1966 = EDGE_LOOP ( 'NONE', ( #269, #1374, #681, #500 ) ) ;
#1967 = VECTOR ( 'NONE', #682, 1000.000000000000000 ) ;
#1968 = FACE_OUTER_BOUND ( 'NONE', #813, .T. ) ;
#1969 = DIRECTION ( 'NONE',  ( 0.000000000000000000, 1.000000000000000000, -0.000000000000000000 ) ) ;
#1970 = EDGE_CURVE ( 'NONE', #972, #1649, #1938, .T. ) ;
#1971 = EDGE_CURVE ( 'NONE', #1810, #1759, #1010, .T. ) ;
#1972 = ORIENTED_EDGE ( 'NONE', *, *, #1047, .T. ) ;
#1973 = DIRECTION ( 'NONE',  ( 0.000000000000000000, 0.000000000000000000, -1.000000000000000000 ) ) ;
#1974 = VECTOR ( 'NONE', #2189, 1000.000000000000000 ) ;
#1975 = ORIENTED_EDGE ( 'NONE', *, *, #164, .F. ) ;
#1976 = AXIS2_PLACEMENT_3D ( 'NONE', #2485, #958, #2093 ) ;
#1977 = LINE ( 'NONE', #2123, #1259 ) ;
#1978 = ORIENTED_EDGE ( 'NONE', *, *, #1125, .F. ) ;
#1979 = DIRECTION ( 'NONE',  ( -1.734723475976807094E-16, 0.000000000000000000, 1.000000000000000000 ) ) ;
#1980 = LINE ( 'NONE', #2430, #1688 ) ;
#1981 = EDGE_LOOP ( 'NONE', ( #9, #816, #2541, #146 ) ) ;
#1982 = LINE ( 'NONE', #1421, #908 ) ;
#1983 = EDGE_CURVE ( 'NONE', #1749, #1404, #1433, .T. ) ;
#1984 = EDGE_CURVE ( 'NONE', #2359, #2364, #740, .T. ) ;
#1985 = ORIENTED_EDGE ( 'NONE', *, *, #2545, .F. ) ;
#1986 = CARTESIAN_POINT ( 'NONE',  ( 57.00000000000002132, -10.00000000000000000, -11.99999999999999467 ) ) ;
#1987 = VERTEX_POINT ( 'NONE', #94 ) ;
#1988 = ORIENTED_EDGE ( 'NONE', *, *, #2098, .T. ) ;
#1989 = DIRECTION ( 'NONE',  ( -1.000000000000000000, 0.000000000000000000, 0.000000000000000000 ) ) ;
#1990 = CARTESIAN_POINT ( 'NONE',  ( 33.00000000000000000, 0.000000000000000000, -37.00000000000000711 ) ) ;
#1991 = CARTESIAN_POINT ( 'NONE',  ( 45.00000000000000000, 35.00000000000000000, -37.00000000000000711 ) ) ;
#1992 = LINE ( 'NONE', #268, #1771 ) ;
#1993 = ORIENTED_EDGE ( 'NONE', *, *, #1928, .T. ) ;
#1994 = EDGE_CURVE ( 'NONE', #2184, #2354, #334, .T. ) ;
#1995 = FACE_OUTER_BOUND ( 'NONE', #1981, .T. ) ;
#1996 = VECTOR ( 'NONE', #2197, 999.9999999999998863 ) ;
#1997 = ORIENTED_EDGE ( 'NONE', *, *, #400, .F. ) ;
#1998 = EDGE_CURVE ( 'NONE', #1620, #2151, #1774, .T. ) ;
#1999 = EDGE_LOOP ( 'NONE', ( #2014, #1490, #2540, #575 ) ) ;
#2000 = EDGE_CURVE ( 'NONE', #2166, #1073, #1320, .T. ) ;
#2001 = AXIS2_PLACEMENT_3D ( 'NONE', #1544, #11, #2370 ) ;
#2002 = VECTOR ( 'NONE', #1685, 1000.000000000000000 ) ;
#2003 = CARTESIAN_POINT ( 'NONE',  ( -28.00000000000000000, 35.00000000000000000, -22.00000000000000355 ) ) ;
#2004 = CARTESIAN_POINT ( 'NONE',  ( 25.00000000000000000, 35.00000000000000000, -22.00000000000000355 ) ) ;
#2005 = CIRCLE ( 'NONE', #33, 12.00000000000000000 ) ;
#2006 = CARTESIAN_POINT ( 'NONE',  ( 29.00000000000000000, -66.00000000000000000, -19.00000000000000711 ) ) ;
#2007 = AXIS2_PLACEMENT_3D ( 'NONE', #2281, #936, #2089 ) ;
#2008 = CARTESIAN_POINT ( 'NONE',  ( -27.00000000000000000, -10.00000000000000000, -34.99999999999999289 ) ) ;
#2009 = AXIS2_PLACEMENT_3D ( 'NONE', #419, #2177, #1410 ) ;
#2010 = ORIENTED_EDGE ( 'NONE', *, *, #761, .T. ) ;
#2011 = LINE ( 'NONE', #222, #203 ) ;
#2012 = VECTOR ( 'NONE', #1174, 1000.000000000000000 ) ;
#2013 = CIRCLE ( 'NONE', #1269, 12.00000000000000000 ) ;
#2014 = ORIENTED_EDGE ( 'NONE', *, *, #254, .F. ) ;
#2015 = ORIENTED_EDGE ( 'NONE', *, *, #1795, .T. ) ;
#2016 = EDGE_CURVE ( 'NONE', #720, #2454, #469, .T. ) ;
#2017 = ADVANCED_FACE ( 'NONE', ( #1101 ), #1681, .T. ) ;
#2018 = CARTESIAN_POINT ( 'NONE',  ( 42.00000000000000000, -10.00000000000000000, 0.000000000000000000 ) ) ;
#2019 = DIRECTION ( 'NONE',  ( 0.000000000000000000, 1.000000000000000000, 0.000000000000000000 ) ) ;
#2020 = CARTESIAN_POINT ( 'NONE',  ( 32.00000000000000000, -14.99999999999999645, -35.00000000000000000 ) ) ;
#2021 = DIRECTION ( 'NONE',  ( -1.000000000000000000, 0.000000000000000000, 0.000000000000000000 ) ) ;
#2022 = ORIENTED_EDGE ( 'NONE', *, *, #1956, .T. ) ;
#2023 = PLANE ( 'NONE',  #1629 ) ;
#2024 = ORIENTED_EDGE ( 'NONE', *, *, #644, .T. ) ;
#2025 = EDGE_LOOP ( 'NONE', ( #1566, #2048 ) ) ;
#2026 = DIRECTION ( 'NONE',  ( 0.000000000000000000, 0.000000000000000000, -1.000000000000000000 ) ) ;
#2027 = FACE_OUTER_BOUND ( 'NONE', #455, .T. ) ;
#2028 = CARTESIAN_POINT ( 'NONE',  ( -32.00000000000000000, -28.93660937409167033, -28.26584765647708863 ) ) ;
#2029 = EDGE_CURVE ( 'NONE', #1100, #289, #1070, .T. ) ;
#2030 = DIRECTION ( 'NONE',  ( 1.000000000000000000, -0.000000000000000000, -0.000000000000000000 ) ) ;
#2031 = EDGE_CURVE ( 'NONE', #1115, #1947, #1145, .T. ) ;
#2032 = CARTESIAN_POINT ( 'NONE',  ( 42.00000000000000000, -66.00000000000000000, -19.00000000000000711 ) ) ;
#2033 = VERTEX_POINT ( 'NONE', #1884 ) ;
#2034 = DIRECTION ( 'NONE',  ( 0.000000000000000000, 0.2425356250363328858, 0.9701425001453318764 ) ) ;
#2035 = ORIENTED_EDGE ( 'NONE', *, *, #971, .T. ) ;
#2036 = EDGE_LOOP ( 'NONE', ( #1574, #739 ) ) ;
#2037 = DIRECTION ( 'NONE',  ( 0.000000000000000000, -0.9873303712766987594, -0.1586780953837554076 ) ) ;
#2038 = ORIENTED_EDGE ( 'NONE', *, *, #149, .F. ) ;
#2039 = DIRECTION ( 'NONE',  ( 0.000000000000000000, 1.000000000000000000, -0.000000000000000000 ) ) ;
#2040 = CARTESIAN_POINT ( 'NONE',  ( -45.00000000000000000, 35.00000000000000000, 0.000000000000000000 ) ) ;
#2041 = VECTOR ( 'NONE', #599, 1000.000000000000000 ) ;
#2042 = VERTEX_POINT ( 'NONE', #2514 ) ;
#2043 = DIRECTION ( 'NONE',  ( 0.000000000000000000, 0.000000000000000000, 1.000000000000000000 ) ) ;
#2044 = LINE ( 'NONE', #705, #2097 ) ;
#2045 = VECTOR ( 'NONE', #799, 1000.000000000000000 ) ;
#2046 = ADVANCED_FACE ( 'NONE', ( #1911 ), #346, .F. ) ;
#2047 = EDGE_CURVE ( 'NONE', #74, #2369, #2273, .T. ) ;
#2048 = ORIENTED_EDGE ( 'NONE', *, *, #906, .T. ) ;
#2049 = LINE ( 'NONE', #1074, #2139 ) ;
#2050 = VERTEX_POINT ( 'NONE', #2471 ) ;
#2051 = VECTOR ( 'NONE', #1536, 1000.000000000000000 ) ;
#2052 = ORIENTED_EDGE ( 'NONE', *, *, #2337, .T. ) ;
#2053 = CARTESIAN_POINT ( 'NONE',  ( -32.00000000000000000, 0.000000000000000000, -38.00000000000000711 ) ) ;
#2054 = AXIS2_PLACEMENT_3D ( 'NONE', #947, #750, #1479 ) ;
#2055 = VERTEX_POINT ( 'NONE', #1293 ) ;
#2056 = DIRECTION ( 'NONE',  ( -1.387778780781445478E-15, -0.000000000000000000, -1.000000000000000000 ) ) ;
#2057 = CARTESIAN_POINT ( 'NONE',  ( 1.959434878635764737E-15, 35.00000000000000000, 16.00000000000000000 ) ) ;
#2058 = PRODUCT_DEFINITION_FORMATION_WITH_SPECIFIED_SOURCE ( 'ANY', '', #532, .NOT_KNOWN. ) ;
#2059 = LINE ( 'NONE', #1151, #1463 ) ;
#2060 = CARTESIAN_POINT ( 'NONE',  ( 45.00000000000000000, 0.000000000000000000, -37.00000000000000711 ) ) ;
#2061 = VERTEX_POINT ( 'NONE', #742 ) ;
#2062 = PLANE ( 'NONE',  #2380 ) ;
#2063 = EDGE_CURVE ( 'NONE', #303, #221, #2472, .T. ) ;
#2064 = ORIENTED_EDGE ( 'NONE', *, *, #1906, .F. ) ;
#2065 = CARTESIAN_POINT ( 'NONE',  ( 32.00000000000000000, -66.00000000000000000, -19.00000000000000711 ) ) ;
#2066 = ORIENTED_EDGE ( 'NONE', *, *, #1994, .F. ) ;
#2067 = CARTESIAN_POINT ( 'NONE',  ( 32.00000000000000000, -66.00000000000000000, -6.938893903907228378E-15 ) ) ;
#2068 = DIRECTION ( 'NONE',  ( 0.000000000000000000, 1.000000000000000000, 0.000000000000000000 ) ) ;
#2069 = DIRECTION ( 'NONE',  ( 0.000000000000000000, 0.000000000000000000, 1.000000000000000000 ) ) ;
#2070 = CARTESIAN_POINT ( 'NONE',  ( 0.000000000000000000, 0.000000000000000000, 0.000000000000000000 ) ) ;
#2071 = PLANE ( 'NONE',  #2386 ) ;
#2072 = ORIENTED_EDGE ( 'NONE', *, *, #2266, .T. ) ;
#2073 = FACE_OUTER_BOUND ( 'NONE', #1999, .T. ) ;
#2074 = ORIENTED_EDGE ( 'NONE', *, *, #1442, .F. ) ;
#2075 = DIRECTION ( 'NONE',  ( 1.000000000000000000, 0.000000000000000000, 0.000000000000000000 ) ) ;
#2076 = AXIS2_PLACEMENT_3D ( 'NONE', #212, #1368, #1596 ) ;
#2077 = FACE_OUTER_BOUND ( 'NONE', #2227, .T. ) ;
#2078 = VECTOR ( 'NONE', #992, 1000.000000000000000 ) ;
#2079 = EDGE_CURVE ( 'NONE', #2450, #2369, #927, .T. ) ;
#2080 = EDGE_LOOP ( 'NONE', ( #1221, #125, #1134, #483 ) ) ;
#2081 = CARTESIAN_POINT ( 'NONE',  ( 69.00000000000000000, -10.00000000000000000, -23.99999999999999289 ) ) ;
#2082 = DIRECTION ( 'NONE',  ( 0.000000000000000000, 1.000000000000000000, 0.000000000000000000 ) ) ;
#2083 = ORIENTED_EDGE ( 'NONE', *, *, #1344, .T. ) ;
#2084 = CIRCLE ( 'NONE', #721, 16.00000000000000000 ) ;
#2085 = DIRECTION ( 'NONE',  ( -1.000000000000000000, 0.000000000000000000, -0.000000000000000000 ) ) ;
#2086 = CARTESIAN_POINT ( 'NONE',  ( -45.00000000000000000, -66.00000000000000000, -6.938893903907228378E-15 ) ) ;
#2087 = CYLINDRICAL_SURFACE ( 'NONE', #2348, 10.00000000000000000 ) ;
#2088 = VERTEX_POINT ( 'NONE', #711 ) ;
#2089 = DIRECTION ( 'NONE',  ( 0.000000000000000000, 0.000000000000000000, 1.000000000000000000 ) ) ;
#2090 = AXIS2_PLACEMENT_3D ( 'NONE', #62, #2034, #1234 ) ;
#2091 = ORIENTED_EDGE ( 'NONE', *, *, #1564, .F. ) ;
#2092 = DIRECTION ( 'NONE',  ( -0.000000000000000000, -1.000000000000000000, 0.000000000000000000 ) ) ;
#2093 = DIRECTION ( 'NONE',  ( 0.000000000000000000, 0.9873303712766987594, 0.1586780953837554076 ) ) ;
#2094 = ORIENTED_EDGE ( 'NONE', *, *, #1653, .F. ) ;
#2095 = CARTESIAN_POINT ( 'NONE',  ( 0.000000000000000000, 35.00000000000000000, -60.00000000000000711 ) ) ;
#2096 = DIRECTION ( 'NONE',  ( 1.000000000000000000, -0.000000000000000000, 2.775557561562891351E-16 ) ) ;
#2097 = VECTOR ( 'NONE', #517, 1000.000000000000000 ) ;
#2098 = EDGE_CURVE ( 'NONE', #1987, #2531, #2310, .T. ) ;
#2099 = EDGE_CURVE ( 'NONE', #2443, #2502, #1529, .T. ) ;
#2100 = AXIS2_PLACEMENT_3D ( 'NONE', #616, #683, #2026 ) ;
#2101 = DIRECTION ( 'NONE',  ( 1.000000000000000000, 0.000000000000000000, 0.000000000000000000 ) ) ;
#2102 = FACE_OUTER_BOUND ( 'NONE', #1277, .T. ) ;
#2103 = FACE_OUTER_BOUND ( 'NONE', #1436, .T. ) ;
#2104 = EDGE_LOOP ( 'NONE', ( #1921, #1351, #1454, #474 ) ) ;
#2105 = PLANE ( 'NONE',  #1767 ) ;
#2106 = ORIENTED_EDGE ( 'NONE', *, *, #1034, .T. ) ;
#2107 = CARTESIAN_POINT ( 'NONE',  ( -63.00000000000000000, 23.00000000000002842, -60.00100000000000477 ) ) ;
#2108 = DIRECTION ( 'NONE',  ( -1.000000000000000000, -0.000000000000000000, -0.000000000000000000 ) ) ;
#2109 = ORIENTED_EDGE ( 'NONE', *, *, #1373, .F. ) ;
#2110 = LINE ( 'NONE', #1491, #1271 ) ;
#2111 = DIRECTION ( 'NONE',  ( 1.000000000000000000, 0.000000000000000000, 0.000000000000000000 ) ) ;
#2112 = ORIENTED_EDGE ( 'NONE', *, *, #2357, .F. ) ;
#2113 = FACE_OUTER_BOUND ( 'NONE', #951, .T. ) ;
#2114 = ADVANCED_FACE ( 'NONE', ( #2077 ), #537, .F. ) ;
#2115 = LINE ( 'NONE', #352, #726 ) ;
#2116 = CYLINDRICAL_SURFACE ( 'NONE', #610, 5.999999999999998224 ) ;
#2117 = ADVANCED_FACE ( 'NONE', ( #1899 ), #138, .T. ) ;
#2118 = ORIENTED_EDGE ( 'NONE', *, *, #2368, .F. ) ;
#2119 = EDGE_CURVE ( 'NONE', #1073, #2166, #498, .T. ) ;
#2120 = ORIENTED_EDGE ( 'NONE', *, *, #1075, .F. ) ;
#2121 = FACE_OUTER_BOUND ( 'NONE', #1604, .T. ) ;
#2122 = EDGE_LOOP ( 'NONE', ( #342, #1946 ) ) ;
#2123 = CARTESIAN_POINT ( 'NONE',  ( -34.99864569382103241, 0.000000000000000000, -34.99999999999999289 ) ) ;
#2124 = CARTESIAN_POINT ( 'NONE',  ( -32.00000000000000000, 35.00000000000000000, -38.00000000000000711 ) ) ;
#2125 = EDGE_LOOP ( 'NONE', ( #1118, #1051, #609, #709 ) ) ;
#2126 = EDGE_LOOP ( 'NONE', ( #79, #623, #2203, #1659 ) ) ;
#2127 = CARTESIAN_POINT ( 'NONE',  ( -42.00000000000000000, -10.00000000000000000, 28.00000000000000711 ) ) ;
#2128 = DIRECTION ( 'NONE',  ( -1.000000000000000000, 0.000000000000000000, -2.775557561562891351E-16 ) ) ;
#2129 = FACE_OUTER_BOUND ( 'NONE', #1777, .T. ) ;
#2130 = VERTEX_POINT ( 'NONE', #1471 ) ;
#2131 = DIRECTION ( 'NONE',  ( 1.000000000000000000, -0.000000000000000000, 0.000000000000000000 ) ) ;
#2132 = ADVANCED_FACE ( 'NONE', ( #502 ), #1279, .F. ) ;
#2133 = VERTEX_POINT ( 'NONE', #1160 ) ;
#2134 = DIRECTION ( 'NONE',  ( 0.000000000000000000, -1.000000000000000000, 0.000000000000000000 ) ) ;
#2135 = DIRECTION ( 'NONE',  ( -1.000000000000000000, 0.000000000000000000, 0.000000000000000000 ) ) ;
#2136 = CIRCLE ( 'NONE', #1220, 19.00000000000000000 ) ;
#2137 = ORIENTED_EDGE ( 'NONE', *, *, #1049, .F. ) ;
#2138 = CIRCLE ( 'NONE', #1111, 19.00000000000000000 ) ;
#2139 = VECTOR ( 'NONE', #1866, 1000.000000000000000 ) ;
#2140 = EDGE_LOOP ( 'NONE', ( #1438, #2481, #1599, #227, #837, #1248, #2072, #2393, #1041, #980, #1305, #1396, #1364, #2213 ) ) ;
#2141 = DIRECTION ( 'NONE',  ( 0.000000000000000000, 0.000000000000000000, -1.000000000000000000 ) ) ;
#2142 = VECTOR ( 'NONE', #1262, 1000.000000000000000 ) ;
#2143 = FACE_OUTER_BOUND ( 'NONE', #2179, .T. ) ;
#2144 = AXIS2_PLACEMENT_3D ( 'NONE', #699, #2301, #1489 ) ;
#2145 = DIRECTION ( 'NONE',  ( 0.000000000000000000, 0.000000000000000000, -1.000000000000000000 ) ) ;
#2146 = DIRECTION ( 'NONE',  ( -0.000000000000000000, -0.000000000000000000, 1.000000000000000000 ) ) ;
#2147 = VECTOR ( 'NONE', #1667, 1000.000000000000000 ) ;
#2148 = ORIENTED_EDGE ( 'NONE', *, *, #800, .T. ) ;
#2149 = ADVANCED_FACE ( 'NONE', ( #2366, #2182 ), #409, .F. ) ;
#2150 = CARTESIAN_POINT ( 'NONE',  ( -32.00000000000000000, -8.352941176470585205, -33.41176470588235503 ) ) ;
#2151 = VERTEX_POINT ( 'NONE', #225 ) ;
#2152 = PRODUCT_CONTEXT ( 'NONE', #1586, 'mechanical' ) ;
#2153 = DIRECTION ( 'NONE',  ( 0.000000000000000000, -0.000000000000000000, 1.000000000000000000 ) ) ;
#2154 = FACE_OUTER_BOUND ( 'NONE', #2537, .T. ) ;
#2155 = LINE ( 'NONE', #368, #2078 ) ;
#2156 = LINE ( 'NONE', #1357, #1885 ) ;
#2157 = ORIENTED_EDGE ( 'NONE', *, *, #2284, .F. ) ;
#2158 = CARTESIAN_POINT ( 'NONE',  ( -45.00000000000000000, -66.00000000000000000, -6.938893903907228378E-15 ) ) ;
#2159 = VERTEX_POINT ( 'NONE', #996 ) ;
#2160 = EDGE_CURVE ( 'NONE', #1647, #1469, #1776, .T. ) ;
#2161 = CYLINDRICAL_SURFACE ( 'NONE', #2001, 16.00000000000000000 ) ;
#2162 = CARTESIAN_POINT ( 'NONE',  ( -32.00000000000000000, 0.000000000000000000, 0.000000000000000000 ) ) ;
#2163 = PLANE ( 'NONE',  #979 ) ;
#2164 = DIRECTION ( 'NONE',  ( 0.000000000000000000, 0.000000000000000000, -1.000000000000000000 ) ) ;
#2165 = VECTOR ( 'NONE', #1136, 1000.000000000000000 ) ;
#2166 = VERTEX_POINT ( 'NONE', #969 ) ;
#2167 = DIRECTION ( 'NONE',  ( 0.000000000000000000, 0.000000000000000000, -1.000000000000000000 ) ) ;
#2168 = ORIENTED_EDGE ( 'NONE', *, *, #2308, .T. ) ;
#2169 = AXIS2_PLACEMENT_3D ( 'NONE', #1552, #398, #408 ) ;
#2170 = LINE ( 'NONE', #185, #986 ) ;
#2171 = EDGE_CURVE ( 'NONE', #503, #680, #1016, .T. ) ;
#2172 = EDGE_CURVE ( 'NONE', #2050, #2451, #285, .T. ) ;
#2173 = DIRECTION ( 'NONE',  ( 1.000000000000000000, 0.000000000000000000, 0.000000000000000000 ) ) ;
#2174 = CIRCLE ( 'NONE', #819, 5.783976858154793455 ) ;
#2175 = DIRECTION ( 'NONE',  ( 0.000000000000000000, -1.000000000000000000, 0.000000000000000000 ) ) ;
#2176 = EDGE_CURVE ( 'NONE', #586, #1067, #1672, .T. ) ;
#2177 = DIRECTION ( 'NONE',  ( 1.000000000000000000, -0.000000000000000000, -0.000000000000000000 ) ) ;
#2178 = AXIS2_PLACEMENT_3D ( 'NONE', #660, #402, #81 ) ;
#2179 = EDGE_LOOP ( 'NONE', ( #1028, #2038, #1128, #372, #909, #381, #251, #1449 ) ) ;
#2180 = VECTOR ( 'NONE', #778, 1000.000000000000000 ) ;
#2181 = DIRECTION ( 'NONE',  ( 0.000000000000000000, 1.000000000000000000, 0.000000000000000000 ) ) ;
#2182 = FACE_OUTER_BOUND ( 'NONE', #924, .T. ) ;
#2183 = EDGE_LOOP ( 'NONE', ( #1762, #92 ) ) ;
#2184 = VERTEX_POINT ( 'NONE', #545 ) ;
#2185 = CARTESIAN_POINT ( 'NONE',  ( 35.00000000000000000, 35.00000000000000000, -38.00000000000000711 ) ) ;
#2186 = DIRECTION ( 'NONE',  ( 0.000000000000000000, 0.000000000000000000, 1.000000000000000000 ) ) ;
#2187 = ADVANCED_FACE ( 'NONE', ( #2113 ), #1110, .F. ) ;
#2188 = LINE ( 'NONE', #426, #1996 ) ;
#2189 = DIRECTION ( 'NONE',  ( 1.000000000000000000, -0.000000000000000000, 0.000000000000000000 ) ) ;
#2190 = EDGE_CURVE ( 'NONE', #2437, #2219, #1360, .T. ) ;
#2191 = ORIENTED_EDGE ( 'NONE', *, *, #1075, .T. ) ;
#2192 = LINE ( 'NONE', #28, #2378 ) ;
#2193 = ORIENTED_EDGE ( 'NONE', *, *, #1411, .T. ) ;
#2194 = ORIENTED_EDGE ( 'NONE', *, *, #400, .T. ) ;
#2195 = FACE_BOUND ( 'NONE', #2183, .T. ) ;
#2196 = DIRECTION ( 'NONE',  ( 1.000000000000000000, -0.000000000000000000, 0.000000000000000000 ) ) ;
#2197 = DIRECTION ( 'NONE',  ( 0.000000000000000000, -0.9701425001453319874, 0.2425356250363329136 ) ) ;
#2198 = CARTESIAN_POINT ( 'NONE',  ( 0.000000000000000000, 35.00000000000000000, -60.00000000000000711 ) ) ;
#2199 = ORIENTED_EDGE ( 'NONE', *, *, #340, .T. ) ;
#2200 = LINE ( 'NONE', #1062, #161 ) ;
#2201 = ADVANCED_FACE ( 'NONE', ( #2476 ), #1916, .F. ) ;
#2202 = EDGE_CURVE ( 'NONE', #1796, #2042, #2013, .T. ) ;
#2203 = ORIENTED_EDGE ( 'NONE', *, *, #2172, .F. ) ;
#2204 = VERTEX_POINT ( 'NONE', #1934 ) ;
#2205 = AXIS2_PLACEMENT_3D ( 'NONE', #2488, #899, #2289 ) ;
#2206 = CARTESIAN_POINT ( 'NONE',  ( 0.000000000000000000, 35.00000000000000000, -16.00000000000000000 ) ) ;
#2207 = DIRECTION ( 'NONE',  ( 0.000000000000000000, 0.000000000000000000, 1.000000000000000000 ) ) ;
#2208 = VECTOR ( 'NONE', #374, 1000.000000000000000 ) ;
#2209 = CARTESIAN_POINT ( 'NONE',  ( -75.00000000000000000, 35.00000000000000000, -60.00000000000000711 ) ) ;
#2210 = LINE ( 'NONE', #450, #1393 ) ;
#2211 = AXIS2_PLACEMENT_3D ( 'NONE', #252, #1989, #1036 ) ;
#2212 = VECTOR ( 'NONE', #1401, 1000.000000000000000 ) ;
#2213 = ORIENTED_EDGE ( 'NONE', *, *, #1907, .T. ) ;
#2214 = CARTESIAN_POINT ( 'NONE',  ( 45.00000000000002132, -10.00000000000000000, -11.99999999999999289 ) ) ;
#2215 = AXIS2_PLACEMENT_3D ( 'NONE', #1817, #478, #2478 ) ;
#2216 = AXIS2_PLACEMENT_3D ( 'NONE', #2358, #421, #388 ) ;
#2217 = ORIENTED_EDGE ( 'NONE', *, *, #16, .F. ) ;
#2218 = EDGE_CURVE ( 'NONE', #1671, #646, #556, .T. ) ;
#2219 = VERTEX_POINT ( 'NONE', #1521 ) ;
#2220 = CARTESIAN_POINT ( 'NONE',  ( 45.00000000000000000, -66.00000000000000000, -6.938893903907228378E-15 ) ) ;
#2221 = CARTESIAN_POINT ( 'NONE',  ( 32.00000000000000000, 0.000000000000000000, -35.00000000000000000 ) ) ;
#2222 = FACE_OUTER_BOUND ( 'NONE', #535, .T. ) ;
#2223 = DIRECTION ( 'NONE',  ( 0.000000000000000000, 0.000000000000000000, 1.000000000000000000 ) ) ;
#2224 = CYLINDRICAL_SURFACE ( 'NONE', #2215, 3.000000000000002665 ) ;
#2225 = ORIENTED_EDGE ( 'NONE', *, *, #416, .T. ) ;
#2226 = DIRECTION ( 'NONE',  ( 0.000000000000000000, 0.000000000000000000, -1.000000000000000000 ) ) ;
#2227 = EDGE_LOOP ( 'NONE', ( #1725, #2309, #1502, #798 ) ) ;
#2228 = EDGE_LOOP ( 'NONE', ( #2267, #891 ) ) ;
#2229 = DIRECTION ( 'NONE',  ( -1.000000000000000000, 0.000000000000000000, 0.000000000000000000 ) ) ;
#2230 = VERTEX_POINT ( 'NONE', #528 ) ;
#2231 = DIRECTION ( 'NONE',  ( -1.000000000000000000, 0.000000000000000000, 0.000000000000000000 ) ) ;
#2232 = CYLINDRICAL_SURFACE ( 'NONE', #321, 25.00000000000000000 ) ;
#2233 = ADVANCED_FACE ( 'NONE', ( #1875 ), #1340, .F. ) ;
#2234 = CYLINDRICAL_SURFACE ( 'NONE', #2410, 3.000000000000002665 ) ;
#2235 = CARTESIAN_POINT ( 'NONE',  ( 34.99864569382103241, -17.16547540185549892, -34.99999999999999289 ) ) ;
#2236 = ORIENTED_EDGE ( 'NONE', *, *, #2098, .F. ) ;
#2237 = DIRECTION ( 'NONE',  ( 1.000000000000000000, 0.000000000000000000, 0.000000000000000000 ) ) ;
#2238 = ORIENTED_EDGE ( 'NONE', *, *, #644, .F. ) ;
#2239 = EDGE_LOOP ( 'NONE', ( #1477, #894, #410, #2148, #1722, #298 ) ) ;
#2240 = CARTESIAN_POINT ( 'NONE',  ( -27.00000000000000000, -14.99999999999999645, 0.000000000000000000 ) ) ;
#2241 = VECTOR ( 'NONE', #1096, 1000.000000000000000 ) ;
#2242 = EDGE_LOOP ( 'NONE', ( #621, #1854, #65, #1233 ) ) ;
#2243 = LINE ( 'NONE', #2206, #1225 ) ;
#2244 = PLANE ( 'NONE',  #896 ) ;
#2245 = ORIENTED_EDGE ( 'NONE', *, *, #2047, .F. ) ;
#2246 = EDGE_CURVE ( 'NONE', #2133, #1537, #703, .T. ) ;
#2247 = EDGE_CURVE ( 'NONE', #2287, #74, #919, .T. ) ;
#2248 = CARTESIAN_POINT ( 'NONE',  ( 29.00000000000000000, -66.00000000000000000, 18.99999999999999289 ) ) ;
#2249 = CARTESIAN_POINT ( 'NONE',  ( -29.00000000000000000, -66.00000000000000000, -6.938893903907228378E-15 ) ) ;
#2250 = AXIS2_PLACEMENT_3D ( 'NONE', #1392, #622, #1042 ) ;
#2251 = VERTEX_POINT ( 'NONE', #1703 ) ;
#2252 = EDGE_CURVE ( 'NONE', #1908, #1149, #2259, .T. ) ;
#2253 = CARTESIAN_POINT ( 'NONE',  ( 0.000000000000000000, 35.00000000000000000, 0.000000000000000000 ) ) ;
#2254 = VECTOR ( 'NONE', #2474, 999.9999999999998863 ) ;
#2255 = VERTEX_POINT ( 'NONE', #688 ) ;
#2256 = AXIS2_PLACEMENT_3D ( 'NONE', #1353, #1905, #2543 ) ;
#2257 = DIRECTION ( 'NONE',  ( -0.000000000000000000, -0.000000000000000000, 1.000000000000000000 ) ) ;
#2258 = CARTESIAN_POINT ( 'NONE',  ( 29.00000000000000000, -66.00000000000000000, -6.938893903907228378E-15 ) ) ;
#2259 = CIRCLE ( 'NONE', #42, 12.00000000000000000 ) ;
#2260 = ORIENTED_EDGE ( 'NONE', *, *, #1768, .F. ) ;
#2261 = DIRECTION ( 'NONE',  ( 1.000000000000000000, -0.000000000000000000, 0.000000000000000000 ) ) ;
#2262 = CARTESIAN_POINT ( 'NONE',  ( 63.00000000000000000, 23.00000000000000000, -60.00100000000000477 ) ) ;
#2263 = CARTESIAN_POINT ( 'NONE',  ( 35.00000000000000000, 35.00000000000000000, 0.000000000000000000 ) ) ;
#2264 = DIRECTION ( 'NONE',  ( 0.000000000000000000, 0.000000000000000000, 1.000000000000000000 ) ) ;
#2265 = DIRECTION ( 'NONE',  ( 1.000000000000000000, 0.000000000000000000, 0.000000000000000000 ) ) ;
#2266 = EDGE_CURVE ( 'NONE', #150, #1458, #1117, .T. ) ;
#2267 = ORIENTED_EDGE ( 'NONE', *, *, #2119, .T. ) ;
#2268 = DIRECTION ( 'NONE',  ( -1.000000000000000000, 0.000000000000000000, 0.000000000000000000 ) ) ;
#2269 = ADVANCED_FACE ( 'NONE', ( #2461 ), #1313, .T. ) ;
#2270 = EDGE_CURVE ( 'NONE', #318, #2184, #1124, .T. ) ;
#2271 = ORIENTED_EDGE ( 'NONE', *, *, #1811, .F. ) ;
#2272 = LINE ( 'NONE', #93, #1967 ) ;
#2273 = LINE ( 'NONE', #1930, #1038 ) ;
#2274 = EDGE_LOOP ( 'NONE', ( #2316, #2112, #2376, #1554, #1963, #177 ) ) ;
#2275 = CARTESIAN_POINT ( 'NONE',  ( -45.00000000000002132, 0.000000000000000000, 6.938893903907228378E-15 ) ) ;
#2276 = FACE_OUTER_BOUND ( 'NONE', #1634, .T. ) ;
#2277 = DIRECTION ( 'NONE',  ( -0.000000000000000000, -0.000000000000000000, 1.000000000000000000 ) ) ;
#2278 = DIRECTION ( 'NONE',  ( 0.000000000000000000, -1.000000000000000000, 0.000000000000000000 ) ) ;
#2279 = CARTESIAN_POINT ( 'NONE',  ( 0.000000000000000000, 35.00000000000000000, 25.00000000000000000 ) ) ;
#2280 = VERTEX_POINT ( 'NONE', #932 ) ;
#2281 = CARTESIAN_POINT ( 'NONE',  ( 35.00000000000000000, 35.00000000000000000, 0.000000000000000000 ) ) ;
#2282 = ORIENTED_EDGE ( 'NONE', *, *, #1738, .F. ) ;
#2283 = EDGE_CURVE ( 'NONE', #1149, #2050, #206, .T. ) ;
#2284 = EDGE_CURVE ( 'NONE', #2529, #829, #793, .T. ) ;
#2285 = DIRECTION ( 'NONE',  ( 0.000000000000000000, -0.9873303712766987594, -0.1586780953837554076 ) ) ;
#2286 = DIRECTION ( 'NONE',  ( 0.000000000000000000, 1.000000000000000000, 0.000000000000000000 ) ) ;
#2287 = VERTEX_POINT ( 'NONE', #2185 ) ;
#2288 = CARTESIAN_POINT ( 'NONE',  ( 34.99864569382102530, -10.00000000000000000, -60.00000000000000000 ) ) ;
#2289 = DIRECTION ( 'NONE',  ( 0.000000000000000000, 0.000000000000000000, -1.000000000000000000 ) ) ;
#2290 = VECTOR ( 'NONE', #1420, 1000.000000000000000 ) ;
#2291 = CARTESIAN_POINT ( 'NONE',  ( -33.00000000000000000, 35.00000000000000000, -37.00000000000000711 ) ) ;
#2292 = DIRECTION ( 'NONE',  ( 0.000000000000000000, 0.000000000000000000, 1.000000000000000000 ) ) ;
#2293 = FACE_OUTER_BOUND ( 'NONE', #468, .T. ) ;
#2294 = AXIS2_PLACEMENT_3D ( 'NONE', #1206, #650, #1616 ) ;
#2295 = ORIENTED_EDGE ( 'NONE', *, *, #1870, .T. ) ;
#2296 = EDGE_LOOP ( 'NONE', ( #839, #1645, #1161, #1246 ) ) ;
#2297 = VECTOR ( 'NONE', #89, 1000.000000000000000 ) ;
#2298 = CARTESIAN_POINT ( 'NONE',  ( -29.00000000000000000, 0.000000000000000000, 0.000000000000000000 ) ) ;
#2299 = EDGE_LOOP ( 'NONE', ( #1534, #276 ) ) ;
#2300 = CYLINDRICAL_SURFACE ( 'NONE', #369, 5.783976858154793455 ) ;
#2301 = DIRECTION ( 'NONE',  ( -0.000000000000000000, 1.000000000000000000, 0.000000000000000000 ) ) ;
#2302 = ADVANCED_FACE ( 'NONE', ( #424 ), #2532, .F. ) ;
#2303 = VECTOR ( 'NONE', #2547, 1000.000000000000000 ) ;
#2304 = ORIENTED_EDGE ( 'NONE', *, *, #1171, .T. ) ;
#2305 = CARTESIAN_POINT ( 'NONE',  ( 45.00000000000000000, 35.00000000000000000, -44.00000000000000711 ) ) ;
#2306 = CYLINDRICAL_SURFACE ( 'NONE', #275, 19.00000000000000000 ) ;
#2307 = CIRCLE ( 'NONE', #1639, 5.999999999999998224 ) ;
#2308 = EDGE_CURVE ( 'NONE', #1932, #1671, #287, .T. ) ;
#2309 = ORIENTED_EDGE ( 'NONE', *, *, #2427, .F. ) ;
#2310 = CIRCLE ( 'NONE', #613, 3.000000000000002665 ) ;
#2311 = CARTESIAN_POINT ( 'NONE',  ( 29.00000000000000000, -66.00000000000000000, -6.938893903907228378E-15 ) ) ;
#2312 = DIRECTION ( 'NONE',  ( 0.000000000000000000, 1.000000000000000000, -0.000000000000000000 ) ) ;
#2313 = LINE ( 'NONE', #1731, #1114 ) ;
#2314 = ORIENTED_EDGE ( 'NONE', *, *, #510, .F. ) ;
#2315 = DIRECTION ( 'NONE',  ( 0.000000000000000000, 0.000000000000000000, -1.000000000000000000 ) ) ;
#2316 = ORIENTED_EDGE ( 'NONE', *, *, #1928, .F. ) ;
#2317 = DIRECTION ( 'NONE',  ( 0.000000000000000000, 1.000000000000000000, 0.000000000000000000 ) ) ;
#2318 = CARTESIAN_POINT ( 'NONE',  ( 42.00000000000000000, -10.00000000000000000, 28.00000000000000711 ) ) ;
#2319 = UNCERTAINTY_MEASURE_WITH_UNIT (LENGTH_MEASURE( 1.000000000000000082E-05 ), #895, 'distance_accuracy_value', 'NONE');
#2320 = ORIENTED_EDGE ( 'NONE', *, *, #1388, .F. ) ;
#2321 = DIRECTION ( 'NONE',  ( 0.000000000000000000, 1.000000000000000000, 0.000000000000000000 ) ) ;
#2322 = ORIENTED_EDGE ( 'NONE', *, *, #110, .T. ) ;
#2323 = DIRECTION ( 'NONE',  ( 0.000000000000000000, 0.000000000000000000, -1.000000000000000000 ) ) ;
#2324 = DIRECTION ( 'NONE',  ( 0.000000000000000000, 0.000000000000000000, -1.000000000000000000 ) ) ;
#2325 = ADVANCED_FACE ( 'NONE', ( #2027 ), #1833, .T. ) ;
#2326 = ADVANCED_FACE ( 'NONE', ( #2195, #263 ), #1822, .F. ) ;
#2327 = CARTESIAN_POINT ( 'NONE',  ( -57.00000000000002132, -10.00000000000000000, -11.99999999999999467 ) ) ;
#2328 = ORIENTED_EDGE ( 'NONE', *, *, #747, .T. ) ;
#2329 = LINE ( 'NONE', #404, #244 ) ;
#2330 = ORIENTED_EDGE ( 'NONE', *, *, #299, .F. ) ;
#2331 = DIRECTION ( 'NONE',  ( 2.775557561562891351E-16, -0.000000000000000000, 1.000000000000000000 ) ) ;
#2332 = ORIENTED_EDGE ( 'NONE', *, *, #194, .T. ) ;
#2333 = APPLICATION_PROTOCOL_DEFINITION ( 'draft international standard', 'automotive_design', 1998, #1586 ) ;
#2334 = VERTEX_POINT ( 'NONE', #649 ) ;
#2335 = DIRECTION ( 'NONE',  ( 1.000000000000000000, -0.000000000000000000, 0.000000000000000000 ) ) ;
#2336 = DIRECTION ( 'NONE',  ( -0.000000000000000000, -0.000000000000000000, 1.000000000000000000 ) ) ;
#2337 = EDGE_CURVE ( 'NONE', #1810, #397, #841, .T. ) ;
#2338 = EDGE_LOOP ( 'NONE', ( #659, #1499 ) ) ;
#2339 = CARTESIAN_POINT ( 'NONE',  ( 0.000000000000000000, -9.999999999999994671, 0.000000000000000000 ) ) ;
#2340 = AXIS2_PLACEMENT_3D ( 'NONE', #1095, #1862, #1296 ) ;
#2341 = VERTEX_POINT ( 'NONE', #1444 ) ;
#2342 = DIRECTION ( 'NONE',  ( 0.000000000000000000, 0.000000000000000000, 1.000000000000000000 ) ) ;
#2343 = VECTOR ( 'NONE', #1349, 1000.000000000000000 ) ;
#2344 = VECTOR ( 'NONE', #1319, 1000.000000000000000 ) ;
#2345 = ORIENTED_EDGE ( 'NONE', *, *, #2031, .T. ) ;
#2346 = AXIS2_PLACEMENT_3D ( 'NONE', #1431, #2039, #1625 ) ;
#2347 = PLANE ( 'NONE',  #770 ) ;
#2348 = AXIS2_PLACEMENT_3D ( 'NONE', #2249, #296, #324 ) ;
#2349 = DIRECTION ( 'NONE',  ( 0.000000000000000000, -0.000000000000000000, 1.000000000000000000 ) ) ;
#2350 = VECTOR ( 'NONE', #1506, 1000.000000000000000 ) ;
#2351 = PLANE ( 'NONE',  #2076 ) ;
#2352 = LINE ( 'NONE', #198, #2303 ) ;
#2353 = VECTOR ( 'NONE', #1700, 1000.000000000000000 ) ;
#2354 = VERTEX_POINT ( 'NONE', #36 ) ;
#2355 = DIRECTION ( 'NONE',  ( 1.000000000000000000, 0.000000000000000000, 0.000000000000000000 ) ) ;
#2356 = ADVANCED_FACE ( 'NONE', ( #1799 ), #277, .F. ) ;
#2357 = EDGE_CURVE ( 'NONE', #1630, #184, #1249, .T. ) ;
#2358 = CARTESIAN_POINT ( 'NONE',  ( 0.000000000000000000, 35.00000000000000000, -50.00000000000000000 ) ) ;
#2359 = VERTEX_POINT ( 'NONE', #625 ) ;
#2360 = DIRECTION ( 'NONE',  ( 0.000000000000000000, 1.000000000000000000, 0.000000000000000000 ) ) ;
#2361 = DIRECTION ( 'NONE',  ( -0.000000000000000000, 1.000000000000000000, -0.000000000000000000 ) ) ;
#2362 = ORIENTED_EDGE ( 'NONE', *, *, #1907, .F. ) ;
#2363 = CARTESIAN_POINT ( 'NONE',  ( -32.00000000000000000, 0.000000000000000000, -35.00000000000000000 ) ) ;
#2364 = VERTEX_POINT ( 'NONE', #47 ) ;
#2365 = CARTESIAN_POINT ( 'NONE',  ( -35.00000000000000000, 0.000000000000000000, -60.00000000000000000 ) ) ;
#2366 = FACE_BOUND ( 'NONE', #2122, .T. ) ;
#2367 = EDGE_CURVE ( 'NONE', #1423, #480, #1568, .T. ) ;
#2368 = EDGE_CURVE ( 'NONE', #2251, #1100, #435, .T. ) ;
#2369 = VERTEX_POINT ( 'NONE', #831 ) ;
#2370 = DIRECTION ( 'NONE',  ( 0.000000000000000000, 0.000000000000000000, -1.000000000000000000 ) ) ;
#2371 = DIRECTION ( 'NONE',  ( 1.000000000000000000, -0.000000000000000000, -0.000000000000000000 ) ) ;
#2372 = ORIENTED_EDGE ( 'NONE', *, *, #866, .T. ) ;
#2373 = CARTESIAN_POINT ( 'NONE',  ( -29.00000000000000000, -66.00000000000000000, -10.00000000000000711 ) ) ;
#2374 = ORIENTED_EDGE ( 'NONE', *, *, #833, .T. ) ;
#2375 = CARTESIAN_POINT ( 'NONE',  ( 51.00000000000000000, 35.00000000000000000, -44.00000000000000711 ) ) ;
#2376 = ORIENTED_EDGE ( 'NONE', *, *, #1399, .F. ) ;
#2377 = VERTEX_POINT ( 'NONE', #1068 ) ;
#2378 = VECTOR ( 'NONE', #2412, 1000.000000000000000 ) ;
#2379 = EDGE_CURVE ( 'NONE', #1236, #181, #2391, .T. ) ;
#2380 = AXIS2_PLACEMENT_3D ( 'NONE', #2298, #343, #1896 ) ;
#2381 = CARTESIAN_POINT ( 'NONE',  ( -45.00000000000002132, 0.000000000000000000, -11.99999999999999289 ) ) ;
#2382 = CARTESIAN_POINT ( 'NONE',  ( 0.000000000000000000, 0.000000000000000000, -25.00000000000000000 ) ) ;
#2383 = CYLINDRICAL_SURFACE ( 'NONE', #124, 5.000000000000000888 ) ;
#2384 = EDGE_CURVE ( 'NONE', #2502, #1043, #1850, .T. ) ;
#2385 = ADVANCED_FACE ( 'NONE', ( #1455 ), #446, .F. ) ;
#2386 = AXIS2_PLACEMENT_3D ( 'NONE', #309, #1315, #1692 ) ;
#2387 = LINE ( 'NONE', #4, #1299 ) ;
#2388 = CARTESIAN_POINT ( 'NONE',  ( 25.00000000000000000, 35.00000000000000000, 0.000000000000000000 ) ) ;
#2389 = AXIS2_PLACEMENT_3D ( 'NONE', #506, #715, #129 ) ;
#2390 = ORIENTED_EDGE ( 'NONE', *, *, #473, .F. ) ;
#2391 = CIRCLE ( 'NONE', #1560, 19.00000000000000000 ) ;
#2392 = CARTESIAN_POINT ( 'NONE',  ( 25.00000000000000000, 35.00000000000000000, 0.000000000000000000 ) ) ;
#2393 = ORIENTED_EDGE ( 'NONE', *, *, #1906, .T. ) ;
#2394 = ORIENTED_EDGE ( 'NONE', *, *, #1362, .F. ) ;
#2395 = DIRECTION ( 'NONE',  ( 0.000000000000000000, 0.000000000000000000, -1.000000000000000000 ) ) ;
#2396 = CARTESIAN_POINT ( 'NONE',  ( 57.00000000000002132, 0.000000000000000000, -11.99999999999999467 ) ) ;
#2397 = EDGE_CURVE ( 'NONE', #2508, #655, #2243, .T. ) ;
#2398 = ADVANCED_FACE ( 'NONE', ( #1615 ), #489, .F. ) ;
#2399 = DIRECTION ( 'NONE',  ( 0.000000000000000000, 0.000000000000000000, -1.000000000000000000 ) ) ;
#2400 = CARTESIAN_POINT ( 'NONE',  ( 29.00000000000000000, -66.00000000000000000, -6.938893903907228378E-15 ) ) ;
#2401 = ORIENTED_EDGE ( 'NONE', *, *, #1461, .T. ) ;
#2402 = LINE ( 'NONE', #2392, #648 ) ;
#2403 = ORIENTED_EDGE ( 'NONE', *, *, #627, .F. ) ;
#2404 = ORIENTED_EDGE ( 'NONE', *, *, #1276, .F. ) ;
#2405 = LINE ( 'NONE', #2018, #824 ) ;
#2406 = CARTESIAN_POINT ( 'NONE',  ( 0.000000000000000000, 35.00000000000000000, 0.000000000000000000 ) ) ;
#2407 = LINE ( 'NONE', #245, #2290 ) ;
#2408 = CYLINDRICAL_SURFACE ( 'NONE', #2515, 19.00000000000000000 ) ;
#2409 = EDGE_CURVE ( 'NONE', #1115, #851, #2405, .T. ) ;
#2410 = AXIS2_PLACEMENT_3D ( 'NONE', #873, #1039, #2043 ) ;
#2411 = EDGE_LOOP ( 'NONE', ( #96, #2091, #1831, #2518 ) ) ;
#2412 = DIRECTION ( 'NONE',  ( -0.000000000000000000, -1.000000000000000000, -0.000000000000000000 ) ) ;
#2413 = VECTOR ( 'NONE', #507, 1000.000000000000000 ) ;
#2414 = EDGE_LOOP ( 'NONE', ( #2314, #273, #1245, #133, #43, #1739 ) ) ;
#2415 = VERTEX_POINT ( 'NONE', #2081 ) ;
#2416 = CIRCLE ( 'NONE', #1798, 25.00000000000000000 ) ;
#2417 = CARTESIAN_POINT ( 'NONE',  ( -45.00000000000000000, -66.00000000000000000, -6.938893903907228378E-15 ) ) ;
#2418 = CYLINDRICAL_SURFACE ( 'NONE', #1465, 2.999999999999999112 ) ;
#2419 = DIRECTION ( 'NONE',  ( 0.000000000000000000, 0.000000000000000000, 1.000000000000000000 ) ) ;
#2420 = VECTOR ( 'NONE', #910, 1000.000000000000000 ) ;
#2421 = FACE_OUTER_BOUND ( 'NONE', #1805, .T. ) ;
#2422 = ORIENTED_EDGE ( 'NONE', *, *, #473, .T. ) ;
#2423 = LINE ( 'NONE', #1841, #445 ) ;
#2424 = CIRCLE ( 'NONE', #1807, 3.000000000000002665 ) ;
#2425 = AXIS2_PLACEMENT_3D ( 'NONE', #2053, #1001, #291 ) ;
#2426 = ORIENTED_EDGE ( 'NONE', *, *, #266, .F. ) ;
#2427 = EDGE_CURVE ( 'NONE', #720, #755, #2110, .T. ) ;
#2428 = ORIENTED_EDGE ( 'NONE', *, *, #390, .T. ) ;
#2429 = EDGE_CURVE ( 'NONE', #1073, #2219, #1913, .T. ) ;
#2430 = CARTESIAN_POINT ( 'NONE',  ( 32.00000000000000000, 0.000000000000000000, -35.00000000000000000 ) ) ;
#2431 = CARTESIAN_POINT ( 'NONE',  ( 0.000000000000000000, 35.00000000000000000, -50.00000000000000000 ) ) ;
#2432 = DIRECTION ( 'NONE',  ( 0.000000000000000000, 0.000000000000000000, 1.000000000000000000 ) ) ;
#2433 = FACE_OUTER_BOUND ( 'NONE', #1064, .T. ) ;
#2434 = CARTESIAN_POINT ( 'NONE',  ( 29.00000000000000000, -66.00000000000000000, -10.00000000000000711 ) ) ;
#2435 = ORIENTED_EDGE ( 'NONE', *, *, #2367, .F. ) ;
#2436 = CARTESIAN_POINT ( 'NONE',  ( -35.00000000000000000, 35.00000000000000000, 0.000000000000000000 ) ) ;
#2437 = VERTEX_POINT ( 'NONE', #2487 ) ;
#2438 = ORIENTED_EDGE ( 'NONE', *, *, #1575, .T. ) ;
#2439 = FACE_OUTER_BOUND ( 'NONE', #520, .T. ) ;
#2440 = CARTESIAN_POINT ( 'NONE',  ( 42.00000000000000000, -4.638483058750396459, 28.86167236555798254 ) ) ;
#2441 = EDGE_CURVE ( 'NONE', #397, #720, #1482, .T. ) ;
#2442 = ADVANCED_FACE ( 'NONE', ( #140 ), #1311, .T. ) ;
#2443 = VERTEX_POINT ( 'NONE', #540 ) ;
#2444 = DIRECTION ( 'NONE',  ( 0.000000000000000000, 0.000000000000000000, -1.000000000000000000 ) ) ;
#2445 = DIRECTION ( 'NONE',  ( 0.000000000000000000, 0.000000000000000000, 1.000000000000000000 ) ) ;
#2446 = CARTESIAN_POINT ( 'NONE',  ( -57.00000000000002132, -9.999999999999994671, 5.204170427930419706E-15 ) ) ;
#2447 = PLANE ( 'NONE',  #1730 ) ;
#2448 = VERTEX_POINT ( 'NONE', #319 ) ;
#2449 = DIRECTION ( 'NONE',  ( 0.000000000000000000, 0.9701425001453318764, -0.2425356250363328858 ) ) ;
#2450 = VERTEX_POINT ( 'NONE', #2499 ) ;
#2451 = VERTEX_POINT ( 'NONE', #1133 ) ;
#2452 = DIRECTION ( 'NONE',  ( -1.000000000000000000, 0.000000000000000000, 0.000000000000000000 ) ) ;
#2453 = CIRCLE ( 'NONE', #1551, 2.999999999999999112 ) ;
#2454 = VERTEX_POINT ( 'NONE', #685 ) ;
#2455 = CARTESIAN_POINT ( 'NONE',  ( -42.00000000000000000, -4.638483058750396459, 28.86167236555798254 ) ) ;
#2456 = LINE ( 'NONE', #1475, #1219 ) ;
#2457 = AXIS2_PLACEMENT_3D ( 'NONE', #1386, #2360, #2153 ) ;
#2458 = EDGE_CURVE ( 'NONE', #2280, #465, #1082, .T. ) ;
#2459 = AXIS2_PLACEMENT_3D ( 'NONE', #1408, #253, #2207 ) ;
#2460 = ORIENTED_EDGE ( 'NONE', *, *, #224, .F. ) ;
#2461 = FACE_OUTER_BOUND ( 'NONE', #45, .T. ) ;
#2462 = LINE ( 'NONE', #691, #63 ) ;
#2463 = EDGE_CURVE ( 'NONE', #2133, #2486, #1474, .T. ) ;
#2464 = VECTOR ( 'NONE', #642, 1000.000000000000000 ) ;
#2465 = ORIENTED_EDGE ( 'NONE', *, *, #299, .T. ) ;
#2466 = FACE_BOUND ( 'NONE', #1512, .T. ) ;
#2467 = AXIS2_PLACEMENT_3D ( 'NONE', #746, #2321, #1265 ) ;
#2468 = VERTEX_POINT ( 'NONE', #2305 ) ;
#2469 = AXIS2_PLACEMENT_3D ( 'NONE', #1864, #1894, #87 ) ;
#2470 = FACE_OUTER_BOUND ( 'NONE', #1687, .T. ) ;
#2471 = CARTESIAN_POINT ( 'NONE',  ( -33.00000000000000000, 0.000000000000000000, -25.00000000000000000 ) ) ;
#2472 = CIRCLE ( 'NONE', #862, 19.00000000000000000 ) ;
#2473 = ORIENTED_EDGE ( 'NONE', *, *, #1547, .T. ) ;
#2474 = DIRECTION ( 'NONE',  ( 0.000000000000000000, -0.9701425001453319874, 0.2425356250363329136 ) ) ;
#2475 = LINE ( 'NONE', #1492, #1763 ) ;
#2476 = FACE_OUTER_BOUND ( 'NONE', #156, .T. ) ;
#2477 = DIRECTION ( 'NONE',  ( 2.775557561562891351E-16, -0.000000000000000000, 1.000000000000000000 ) ) ;
#2478 = DIRECTION ( 'NONE',  ( 0.000000000000000000, 0.000000000000000000, 1.000000000000000000 ) ) ;
#2479 = EDGE_CURVE ( 'NONE', #928, #2130, #1281, .T. ) ;
#2480 = EDGE_CURVE ( 'NONE', #827, #1061, #2138, .T. ) ;
#2481 = ORIENTED_EDGE ( 'NONE', *, *, #2368, .T. ) ;
#2482 = CARTESIAN_POINT ( 'NONE',  ( -42.00000000000000000, -17.16547540185549536, -35.00000000000000000 ) ) ;
#2483 = VERTEX_POINT ( 'NONE', #1105 ) ;
#2484 = LINE ( 'NONE', #1488, #1931 ) ;
#2485 = CARTESIAN_POINT ( 'NONE',  ( 42.00000000000000000, -4.638483058750396459, 28.86167236555798254 ) ) ;
#2486 = VERTEX_POINT ( 'NONE', #1122 ) ;
#2487 = CARTESIAN_POINT ( 'NONE',  ( 57.21602314184520566, 23.00000000000000000, -50.00000000000000000 ) ) ;
#2488 = CARTESIAN_POINT ( 'NONE',  ( 29.00000000000000000, -66.00000000000000000, -6.938893903907228378E-15 ) ) ;
#2489 = DIRECTION ( 'NONE',  ( 1.000000000000000000, -0.000000000000000000, 0.000000000000000000 ) ) ;
#2490 = CARTESIAN_POINT ( 'NONE',  ( 29.00000000000000000, -66.00000000000000000, -19.00000000000000711 ) ) ;
#2491 = LINE ( 'NONE', #717, #493 ) ;
#2492 = ORIENTED_EDGE ( 'NONE', *, *, #1253, .F. ) ;
#2493 = CARTESIAN_POINT ( 'NONE',  ( 0.000000000000000000, -9.999999999999994671, 25.00000000000000000 ) ) ;
#2494 = EDGE_CURVE ( 'NONE', #1149, #1423, #348, .T. ) ;
#2495 = EDGE_LOOP ( 'NONE', ( #2295, #1168, #883, #422, #1858, #867 ) ) ;
#2496 = LINE ( 'NONE', #345, #776 ) ;
#2497 = DIRECTION ( 'NONE',  ( -0.000000000000000000, -1.000000000000000000, 0.000000000000000000 ) ) ;
#2498 = ORIENTED_EDGE ( 'NONE', *, *, #866, .F. ) ;
#2499 = CARTESIAN_POINT ( 'NONE',  ( 35.00000000000000000, 0.000000000000000000, -38.00000000000000711 ) ) ;
#2500 = CARTESIAN_POINT ( 'NONE',  ( -69.00000000000000000, 0.000000000000000000, -44.00000000000000711 ) ) ;
#2501 = AXIS2_PLACEMENT_3D ( 'NONE', #1522, #2312, #1328 ) ;
#2502 = VERTEX_POINT ( 'NONE', #1324 ) ;
#2503 = AXIS2_PLACEMENT_3D ( 'NONE', #1183, #963, #1743 ) ;
#2504 = CARTESIAN_POINT ( 'NONE',  ( 63.00000000000000000, 23.00000000000000000, -50.00000000000000000 ) ) ;
#2505 = CARTESIAN_POINT ( 'NONE',  ( -75.00000000000001421, -9.999999999999994671, -44.00000000000000711 ) ) ;
#2506 = CARTESIAN_POINT ( 'NONE',  ( -35.00000000000000000, 35.00000000000000000, -60.00000000000000711 ) ) ;
#2507 = CIRCLE ( 'NONE', #1835, 25.00000000000000000 ) ;
#2508 = VERTEX_POINT ( 'NONE', #1872 ) ;
#2509 = AXIS2_PLACEMENT_3D ( 'NONE', #2253, #1677, #135 ) ;
#2510 = FACE_OUTER_BOUND ( 'NONE', #647, .T. ) ;
#2511 = ORIENTED_EDGE ( 'NONE', *, *, #1018, .T. ) ;
#2512 = CARTESIAN_POINT ( 'NONE',  ( 0.000000000000000000, 35.00000000000000000, 0.000000000000000000 ) ) ;
#2513 = CIRCLE ( 'NONE', #608, 10.00000000000000000 ) ;
#2514 = CARTESIAN_POINT ( 'NONE',  ( -69.00000000000000000, -10.00000000000000000, -23.99999999999999289 ) ) ;
#2515 = AXIS2_PLACEMENT_3D ( 'NONE', #2400, #1581, #620 ) ;
#2516 = ADVANCED_FACE ( 'NONE', ( #944, #108 ), #126, .T. ) ;
#2517 = EDGE_CURVE ( 'NONE', #1630, #827, #2519, .T. ) ;
#2518 = ORIENTED_EDGE ( 'NONE', *, *, #1004, .F. ) ;
#2519 = LINE ( 'NONE', #1684, #2254 ) ;
#2520 = AXIS2_PLACEMENT_3D ( 'NONE', #1091, #123, #1869 ) ;
#2521 = EDGE_LOOP ( 'NONE', ( #946, #1006, #2015, #1214 ) ) ;
#2522 = DIRECTION ( 'NONE',  ( 0.000000000000000000, 0.000000000000000000, -1.000000000000000000 ) ) ;
#2523 = DIRECTION ( 'NONE',  ( 0.000000000000000000, 0.000000000000000000, -1.000000000000000000 ) ) ;
#2524 = ORIENTED_EDGE ( 'NONE', *, *, #619, .F. ) ;
#2525 = CARTESIAN_POINT ( 'NONE',  ( -57.21602314184520566, 23.00000000000002842, -60.00000000000000711 ) ) ;
#2526 = ORIENTED_EDGE ( 'NONE', *, *, #194, .F. ) ;
#2527 = CARTESIAN_POINT ( 'NONE',  ( -75.00000000000000000, 35.00000000000000000, 0.000000000000000000 ) ) ;
#2528 = DIRECTION ( 'NONE',  ( -1.000000000000000000, 0.000000000000000000, 0.000000000000000000 ) ) ;
#2529 = VERTEX_POINT ( 'NONE', #2275 ) ;
#2530 = ADVANCED_FACE ( 'NONE', ( #1295 ), #154, .F. ) ;
#2531 = VERTEX_POINT ( 'NONE', #916 ) ;
#2532 = PLANE ( 'NONE',  #1153 ) ;
#2533 = CARTESIAN_POINT ( 'NONE',  ( -32.00000000000000000, -66.00000000000000000, -19.00000000000000711 ) ) ;
#2534 = CARTESIAN_POINT ( 'NONE',  ( 0.000000000000000000, 0.000000000000000000, 0.000000000000000000 ) ) ;
#2535 = ORIENTED_EDGE ( 'NONE', *, *, #1970, .F. ) ;
#2536 = DIRECTION ( 'NONE',  ( 0.000000000000000000, -1.000000000000000000, 0.000000000000000000 ) ) ;
#2537 = EDGE_LOOP ( 'NONE', ( #470, #128, #1993, #2552, #1013 ) ) ;
#2538 = LINE ( 'NONE', #8, #2343 ) ;
#2539 = CARTESIAN_POINT ( 'NONE',  ( -68.78397685815478724, 23.00000000000002842, -60.00100000000000477 ) ) ;
#2540 = ORIENTED_EDGE ( 'NONE', *, *, #542, .T. ) ;
#2541 = ORIENTED_EDGE ( 'NONE', *, *, #1089, .F. ) ;
#2542 = CARTESIAN_POINT ( 'NONE',  ( 45.00000000000002842, 0.000000000000000000, 28.00000000000000711 ) ) ;
#2543 = DIRECTION ( 'NONE',  ( 0.000000000000000000, 0.000000000000000000, 1.000000000000000000 ) ) ;
#2544 = EDGE_CURVE ( 'NONE', #2451, #1908, #293, .T. ) ;
#2545 = EDGE_CURVE ( 'NONE', #605, #631, #97, .T. ) ;
#2546 = DIRECTION ( 'NONE',  ( 1.000000000000000000, -0.000000000000000000, -0.000000000000000000 ) ) ;
#2547 = DIRECTION ( 'NONE',  ( -1.734723475976807094E-16, -0.000000000000000000, -1.000000000000000000 ) ) ;
#2548 = AXIS2_PLACEMENT_3D ( 'NONE', #501, #1898, #1119 ) ;
#2549 = ORIENTED_EDGE ( 'NONE', *, *, #1461, .F. ) ;
#2550 = CARTESIAN_POINT ( 'NONE',  ( 32.00000000000000000, -14.99999999999999645, -34.99999999999999289 ) ) ;
#2551 = VECTOR ( 'NONE', #995, 1000.000000000000000 ) ;
#2552 = ORIENTED_EDGE ( 'NONE', *, *, #2409, .F. ) ;
#2553 = SHAPE_DEFINITION_REPRESENTATION ( #376, #462 ) ;
#2554 = AXIS2_PLACEMENT_3D ( 'NONE', #1526, #1734, #2315 ) ;
ENDSEC;
END-ISO-10303-21;
